PROLIFIC_PID,Age,Sex,Gender,Ethnicity,Race,Education,Income,Race_recode,IRI_EC,IRI_F,IRI_PD,IRI_PT,SVO_degree,SVO_type,RR_total,BIS_total,BFI_E,BFI_A,BFI_C,BFI_N,BFI_O,neg_llh,r2,AIC,BIC,w_cost,b,beta,test_acc
Z6PMZ8UK,37,Male,Male,No,Black or African American,Bachelor’s degree,"$100,000-$149,999",Black or African American,3.75,3,1,3,34.87532834,Prosocial,25,14,3,5,5,1.5,3,25.34002562,0.268841414,56.68005124,62.41612026,0.423285793,-0.054007637,7.271155736,0.72
GTDAS4GM,37,Female,Female,No,Black or African American,Bachelor’s degree,"$75,000-$99,999",Black or African American,4.5,4.75,3.75,4.5,32.90524292,Prosocial,29,24,2.5,4.5,5,3,5,20.26563129,0.415257485,46.53126259,52.2673316,0.302569538,0.07439403,10,0.84
AUXKJ27B,30,Male,Male,No,White or Caucasian,High school diploma or GED,"$25,000-$49,999",White or Caucasian,3.25,2,3,1.5,7.815293547,Individualist,21,23,1.5,2.5,2,5,4,26.32099745,0.24053655,58.64199491,64.37806392,0.559095276,0.054454557,8.819224599,0.74
QH026G52,51,Male,Male,No,White or Caucasian,Bachelor’s degree,"$150,000 or more",White or Caucasian,4,2.5,2.25,4,7.815293547,Individualist,24,23,2,3.5,5,2,3.5,15.98895343,0.538656324,37.97790686,43.71397588,0.331141962,0.081371547,10,0.8
PI8SFZN8,44,Female,Female,No,Asian,Bachelor’s degree,"$75,000-$99,999",Asian,3.75,3,3.75,3.5,34.87532834,Prosocial,24,25,3,1,3.5,5,3.5,22.02910907,0.364374272,50.05821815,55.79428716,0.566661079,-0.09971827,10,0.8
K5PTHLL6,25,Female,Female,No,White or Caucasian,"Some college, but no degree","$25,000-$49,999",White or Caucasian,4.75,4.75,3.75,4.75,7.46707664,Individualist,28,21,3,4,4.5,3.5,3.5,18.832275,0.456615405,43.66455,49.40061902,0,-0.183663588,2.99579666,0.86
Q8XDAOE3,26,Female,Female,No,White or Caucasian,High school diploma or GED,"$50,000-$74,999",White or Caucasian,3.25,2.75,3.5,4,30.42906629,Prosocial,21,22,1.5,3,3,4,3.5,25.5885728,0.261669858,57.17714559,62.91321461,0.43896183,0.134827813,10,0.72
UB6T17K1,42,Female,Female,Yes,"White or Caucasian,Black or African American",Bachelor’s degree,"$75,000-$99,999",Multiracial,4,4,3.5,4.5,7.815293547,Individualist,27,26,1.5,4,3,4,4,28.07259172,0.189996223,62.14518343,67.88125245,0.653891935,-0.197101687,7.760639017,0.68
KYJZ17O9,33,Male,Male,No,White or Caucasian,"Some college, but no degree","$50,000-$74,999",White or Caucasian,4.5,4,1,5,33.82208522,Prosocial,27,14,4,5,4,1.5,4,18.72676735,0.459659712,43.45353471,49.18960372,0.424611457,-0.081302643,10,0.76
HV05PDE5,19,Male,Male,Yes,White or Caucasian,High school diploma or GED,"$25,000-$49,999",White or Caucasian,5,3.75,3.25,4.75,37.48241143,Prosocial,32,19,2.5,3.5,2.5,4,4,20.60906728,0.405348017,47.21813455,52.95420357,0.321087435,0.01702939,8.07566422,0.74
SSRJVJOA,30,Female,Female,No,Asian,Bachelor’s degree,"$150,000 or more",Asian,3.5,3.5,1.5,3.25,34.87532834,Prosocial,20,26,1.5,3,4,5,4.5,30.38120443,0.123383741,66.76240886,72.49847788,0.602719375,-0.140907976,6.03249841,0.7
GL8A5W2X,30,Female,Female,No,White or Caucasian,"Some college, but no degree","$50,000-$74,999",White or Caucasian,3.25,3.25,2.25,4.5,28.47774301,Prosocial,25,15,3,4.5,4,1,4,18.10877802,0.477491115,42.21755604,47.95362506,0.527329295,-0.117847429,10,0.84
FANFDTGF,54,Female,Female,No,White or Caucasian,"Graduate or professional degree (MA, MS, MBA, PhD, JD, MD, DDS etc.)","$50,000-$74,999",White or Caucasian,5,3,2,4.75,18.94326306,Individualist,27,21,3,5,4,1.5,3,21.93577449,0.367067338,49.87154899,55.60761801,0.250669153,-0.003877777,6.1076789,0.74
Z5Z01L14,52,Female,Female,No,White or Caucasian,"Some college, but no degree","$25,000-$49,999",White or Caucasian,4.25,2,2.5,3.5,34.87532834,Prosocial,32,18,4.5,2,4.5,3,4.5,25.8101268,0.255277161,57.62025361,63.35632263,0.490528294,-0.066052982,9.113977515,0.74
STEVQFM7,28,Male,Male,Yes,Asian,Bachelor’s degree,"Less than $25,000",Asian,4.25,3.75,3,4.25,26.77884041,Prosocial,30,24,4.5,4.5,4.5,3.5,3,22.50919121,0.350522029,51.01838243,56.75445145,0.574908835,-0.197085537,9.336019083,0.72
FLCJYUOE,38,Male,Male,No,Black or African American,"Some college, but no degree","$100,000-$149,999",Black or African American,3.75,3,1.5,3.75,26.0441948,Prosocial,22,21,4,3.5,2,2,3.5,28.60935418,0.174508532,63.21870835,68.95477737,0.477398126,-0.167961997,4.280001382,0.66
LOUARDY5,53,Male,Male,No,White or Caucasian,Bachelor’s degree,"$75,000-$99,999",White or Caucasian,1.75,2.25,1,3.75,34.87532834,Prosocial,30,15,1.5,1.5,5,1.5,4,21.53118679,0.378741272,49.06237359,54.7984426,0.369432194,0.290881687,10,0.76
HBWS3WRO,38,Male,Male,No,White or Caucasian,"Some college, but no degree","$25,000-$49,999",White or Caucasian,5,5,3.75,5,7.815293547,Individualist,26,26,2,3.5,4.5,3,5,14.75538874,0.574249477,35.51077749,41.2468465,0.324198061,-0.005205719,10,0.88
ZJD9JZUZ,32,Male,Male,No,"White or Caucasian,Asian","Some college, but no degree","$25,000-$49,999",Multiracial,3,2.25,1.25,2.75,45,Prosocial,20,17,1,3.5,4.5,1,3.5,24.90170924,0.281488551,55.80341849,61.5394875,0.430943558,0.195755506,9.598642896,0.7
B6FTZK8C,27,Female,Female,No,Black or African American,Bachelor’s degree,"Less than $25,000",Black or African American,3.75,3.5,1.5,3,23.58703053,Prosocial,32,14,3,3,5,2,5,28.2560596,0.184702459,62.51211919,68.24818821,0.517156553,0.128472144,6.434307263,0.56
OUPK9NEB,36,Female,Female,No,Black or African American,Associates or technical degree,"$25,000-$49,999",Black or African American,4.5,4.5,2.25,4,10.38517699,Individualist,27,21,1.5,4.5,3,3,4.5,22.88955139,0.326068525,51.77910278,57.45456367,0.720315581,-0.375476309,7.346860839,0.734693878
K73KC1UA,65,Male,Male,No,Black or African American,"Graduate or professional degree (MA, MS, MBA, PhD, JD, MD, DDS etc.)","$100,000-$149,999",Black or African American,4,4,4,4,45.9877604,Prosocial,24,19,3.5,3,3.5,3.5,3.5,12.93377563,0.626810121,31.86755127,37.60362028,0.516585178,-0.307521676,8.86633042,0.86
8XBY00ER,31,Female,Female,No,Black or African American,Bachelor’s degree,"$100,000-$149,999",Black or African American,4.25,3,3.75,4.25,13.71934526,Individualist,31,23,4,4,4.5,2,3.5,16.54741845,0.522542429,39.0948369,44.83090592,0.413942052,-0.112112706,10,0.84
GD9WWI5X,24,Female,Female,No,White or Caucasian,Associates or technical degree,"$25,000-$49,999",White or Caucasian,4.5,4.25,3.5,5,34.87532834,Prosocial,28,26,2,5,4.5,2,3.5,26.16661484,0.244991091,58.33322968,64.0692987,0.369659766,0.106565213,7.674348197,0.7
0VHV7J5M,29,Male,Male,No,Asian,"Graduate or professional degree (MA, MS, MBA, PhD, JD, MD, DDS etc.)","$150,000 or more",Asian,2.75,2,2.25,2.75,32.15810372,Prosocial,24,21,4,3,3,3,1.5,26.32327279,0.240470898,58.64654558,64.3826146,0.582516932,-0.358486959,3.731339344,0.72
EAD9PTSG,52,Male,Male,Yes,White or Caucasian,"Graduate or professional degree (MA, MS, MBA, PhD, JD, MD, DDS etc.)","$50,000-$74,999",White or Caucasian,4.75,4.75,2.5,5,34.87532834,Prosocial,29,23,2.5,4.5,4.5,1.5,4.5,20.51417014,0.408086169,47.02834028,52.7644093,0.478265676,-0.072695472,10,0.82
4JX9UQRW,32,Female,Female,No,White or Caucasian,Bachelor’s degree,"$150,000 or more",White or Caucasian,4.75,4.25,3.5,4.75,7.815293547,Individualist,31,26,5,2.5,4.5,5,4,23.78270099,0.313776304,53.56540198,59.30147099,0.743371732,-0.301781089,10,0.72
MEEGF97M,27,Male,Male,No,White or Caucasian,Some high school or less,"$25,000-$49,999",White or Caucasian,1.75,1.75,1,4.75,16.26020471,Individualist,28,21,1,1.5,3.5,3.5,1.5,24.34281515,0.297614826,54.68563031,60.42169932,0.108311114,1,2.194251518,0.8
NK21IFFF,49,Female,Female,No,White or Caucasian,"Some college, but no degree",Prefer not to say,White or Caucasian,3.5,3.5,2.5,3.25,18.14557866,Individualist,24,21,3.5,3.5,3,3,4.5,29.94681088,0.135917689,65.89362175,71.62969077,0.552251958,-0.017126731,6.647739893,0.66
FHONN03W,36,Female,Female,No,White or Caucasian,Bachelor’s degree,"$100,000-$149,999",White or Caucasian,4.75,5,2.25,3.75,34.87532834,Prosocial,29,27,3,2.5,4.5,5,5,22.41543702,0.353227204,50.83087403,56.56694305,0.49417831,-0.13361922,8.898567607,0.74
Z65DDRON,22,Male,Male,No,Black or African American,Bachelor’s degree,"$100,000-$149,999",Black or African American,4.25,4.5,4.5,4.75,9.549133929,Individualist,27,19,3,3,3.5,3,3,-0.000412506,1.000011902,5.999174989,11.73524401,0,-1,10,1
8JDP1S3Z,32,Male,Male,No,White or Caucasian,Bachelor’s degree,"$50,000-$74,999",White or Caucasian,3.75,2.75,2,4.5,7.815293547,Individualist,28,23,4,2.5,4,3.5,4.5,12.34100323,0.636646854,30.68200646,36.35746736,0.432511057,-0.152886048,10,0.816326531
L9QZ9799,31,Female,Female,No,White or Caucasian,Some high school or less,"$50,000-$74,999",White or Caucasian,5,5,4.25,4.5,34.87532834,Prosocial,29,28,4.5,4,3,4.5,5,27.99292048,0.192295049,61.98584095,67.72190997,0.214526932,0.242289263,5.634017798,0.7
YL4D1KO7,38,Female,Female,No,White or Caucasian,High school diploma or GED,"Less than $25,000",White or Caucasian,5,3.5,2,4.5,45,Prosocial,29,24,3,4,4,4,4.5,19.91591379,0.425348199,45.83182759,51.5678966,0.318769904,0.122068629,10,0.78
YCCX1M79,32,Male,Male,No,Asian,"Graduate or professional degree (MA, MS, MBA, PhD, JD, MD, DDS etc.)","$150,000 or more",Asian,3.25,2.75,2.75,3.25,34.87532834,Prosocial,32,17,2.5,4,4,1.5,4.5,28.25341297,0.184778824,62.50682594,68.24289495,0.635724061,0.077092241,4.860923698,0.68
ELF75Z11,40,Female,Female,No,White or Caucasian,Bachelor’s degree,"$75,000-$99,999",White or Caucasian,4.25,3,1.5,5,7.815293547,Individualist,24,25,3,2,4.5,4,5,27.28432884,0.212740682,60.56865768,66.3047267,0.451608764,-0.011299052,7.381571952,0.68
88SKGELB,37,Female,Female,No,White or Caucasian,Associates or technical degree,"$100,000-$149,999",White or Caucasian,4.25,3,3,3.25,37.48241143,Prosocial,23,24,2,3.5,3.5,4,2,13.58830178,0.607924488,33.17660356,38.91267257,0.736247456,-0.604451673,5.893388697,0.86
KM0U7C3O,52,Male,Male,No,White or Caucasian,Associates or technical degree,"$100,000-$149,999",White or Caucasian,4.25,3.25,1.25,3.75,32.15810372,Prosocial,23,16,1.5,3.5,4.5,1,5,11.23742825,0.67575636,28.47485651,34.21092552,0.343962468,-0.058695985,10,0.9
3C9HH4P4,20,Female,Female,No,Asian,"Some college, but no degree","Less than $25,000",Asian,4.25,3.5,2.5,3.75,34.16695361,Prosocial,22,22,4,4.5,3,3,3.5,23.59061605,0.305427249,53.18123209,58.85669299,0.559544139,-0.280782259,5.637816362,0.714285714
FPY3G2RN,28,Female,Female,No,White or Caucasian,"Some college, but no degree","$25,000-$49,999",White or Caucasian,4,2.75,3.5,4.5,29.43256845,Prosocial,26,21,2,4.5,3,4,4.5,19.8954468,0.425938751,45.7908936,51.52696262,0.604150783,-0.304816431,8.070302039,0.78
PV9L0NK4,60,Male,Male,No,White or Caucasian,"Graduate or professional degree (MA, MS, MBA, PhD, JD, MD, DDS etc.)","$150,000 or more",White or Caucasian,3,1.75,1.5,4,7.815293547,Individualist,23,13,3,5,4,1,4,20.70839897,0.40248191,47.41679794,53.15286696,0.485898186,-0.233445063,6.313200909,0.78
Y3ZW90BS,34,Male,Male,No,White or Caucasian,Bachelor’s degree,Prefer not to say,White or Caucasian,4.25,4.5,3.75,2.5,45,Prosocial,22,28,1,1.5,2.5,4,4.5,15.85726093,0.542456166,37.71452187,43.45059088,0.463665493,-0.27534775,6.887777777,0.86
ZRL8UU89,23,Male,Male,No,Black or African American,Bachelor’s degree,"$25,000-$49,999",Black or African American,4.5,4,4.25,4.25,13.47782275,Individualist,30,24,3,4.5,4.5,1.5,3,28.19758791,0.186389595,62.39517582,68.13124483,0.457706589,-0.039167121,6.127464342,0.72
2353145V,23,Female,Female,No,White or Caucasian,High school diploma or GED,"$25,000-$49,999",White or Caucasian,5,4.25,3.75,4.25,37.48241143,Prosocial,26,28,2,4,3,3,4,23.23293461,0.329639209,52.46586922,58.20193824,0.271144705,0.23270983,9.467144977,0.72
N9AJLIYJ,61,Female,Female,No,White or Caucasian,High school diploma or GED,"Less than $25,000",White or Caucasian,4.5,3.5,3,4.5,7.815293547,Individualist,25,23,1.5,1,4,4,4.5,30.05494496,0.132797599,66.10988991,71.84595893,0.648138433,-0.152587518,6.515185017,0.58
92AMSAAZ,43,Female,Female,No,White or Caucasian,Bachelor’s degree,"Less than $25,000",White or Caucasian,4,4.25,3.5,4.25,34.87532834,Prosocial,26,25,5,4,3,4.5,5,31.9162008,0.079093107,69.83240161,75.56847063,0.44204546,0.206207873,3.831049098,0.52
N83IXPDK,26,Male,Male,No,White or Caucasian,"Some college, but no degree","Less than $25,000",White or Caucasian,2.75,2.75,3.25,3.75,21.31124843,Individualist,18,19,3.5,3,2.5,2,4.5,24.33290695,0.297900716,54.6658139,60.40188292,0,-1,0.975955979,0.82
JOVIWOO2,42,Male,Male,No,White or Caucasian,Associates or technical degree,"Less than $25,000",White or Caucasian,3,3.75,2.75,3.25,18.08344538,Individualist,21,17,3.5,4,2.5,3.5,3,30.23570363,0.127582006,66.47140726,72.20747627,0.806571259,-0.818913336,1.635545965,0.66
1GDCKLZO,43,Female,Female,No,White or Caucasian,Bachelor’s degree,"$75,000-$99,999",White or Caucasian,5,4,1.25,5,34.87532834,Prosocial,19,23,2.5,4,4.5,3,4.5,7.380981933,0.787029879,20.76196387,26.49803288,0,-0.001780729,9.38476788,0.94
X67R06MS,22,Male,Male,No,White or Caucasian,High school diploma or GED,"$100,000-$149,999",White or Caucasian,3.75,4.5,3.25,4.25,37.48241143,Prosocial,32,22,3.5,3.5,3.5,3,4.5,11.77518585,0.660239955,29.55037169,35.28644071,0,-0.101689423,4.885041531,0.92
Y4N8MCWN,45,Female,Female,No,White or Caucasian,High school diploma or GED,"$50,000-$74,999",White or Caucasian,4.25,3,3.25,3.75,34.87532834,Prosocial,27,24,1.5,3,4.5,4.5,4,12.74641739,0.632216137,31.49283478,37.22890379,0.206700866,0.07708999,10,0.9
YOMA8T3S,22,Male,Male,Yes,White or Caucasian,High school diploma or GED,"$50,000-$74,999",White or Caucasian,2,2.75,2,3.75,28.10135131,Prosocial,25,18,3,4,3,3,2.5,29.93467399,0.136267886,65.86934797,71.60541699,0.377260783,0.399503987,3.169438393,0.6
RE74M6LL,33,Male,Male,No,White or Caucasian,High school diploma or GED,"Less than $25,000",White or Caucasian,4.25,4,2.25,4.25,-7.815293547,Individualist,24,22,4,3.5,4,4,3,18.68151348,0.460965463,43.36302695,49.09909597,0.26523039,0.138881741,10,0.78
WPMH56EI,20,Male,Female,No,Asian,"Some college, but no degree","$150,000 or more",Asian,4.5,5,2.5,5,37.48241143,Prosocial,27,28,1,3,4.5,4,3,27.8182567,0.19733478,61.63651339,67.37258241,0.1053988,0.366437789,5.345842132,0.66
PTS6FGY5,33,Male,Male,No,White or Caucasian,"Some college, but no degree","$50,000-$74,999",White or Caucasian,3.75,3.25,2.75,3.75,34.87532834,Prosocial,25,22,2,2,4,3.5,4.5,23.44616252,0.323486752,52.89232504,58.62839405,0.606401172,-0.145298089,10,0.74
F7ARKNCT,50,Male,Male,No,Black or African American,Bachelor’s degree,"$75,000-$99,999",Black or African American,3.25,2.75,1,4.5,16.26020471,Individualist,29,13,2.5,4.5,5,1.5,3,22.91934848,0.338687392,51.83869695,57.57476597,0,-0.02208336,2.941773096,0.8
1EN8B1B1,37,Male,Male,No,Asian,"Graduate or professional degree (MA, MS, MBA, PhD, JD, MD, DDS etc.)","$50,000-$74,999",Asian,4.75,4.75,1.75,5,37.48241143,Prosocial,23,28,1,4,4,2.5,5,21.10553866,0.391022881,48.21107731,53.94714633,0.570727052,-0.210889725,8.898707,0.82
C23E9AKY,47,Male,Male,No,Black or African American,Bachelor’s degree,"$75,000-$99,999",Black or African American,4.5,2,1,3.75,34.87532834,Prosocial,21,11,3,5,4.5,1,2,17.30814257,0.500592571,40.61628514,46.35235416,0.373790296,-0.095910743,9.824074728,0.78
S8PAC0ZH,23,Female,Female,No,Black or African American,"Graduate or professional degree (MA, MS, MBA, PhD, JD, MD, DDS etc.)","$50,000-$74,999",Black or African American,4.25,3.75,2.5,3.25,34.87532834,Prosocial,26,22,2.5,3,3.5,3,4.5,5.842874452,0.83141028,17.6857489,23.42181792,0.35347602,-0.290397875,10,0.96
HM7GOAF9,22,Male,Male,Yes,"White or Caucasian,American Indian/Native American or Alaska Native",Associates or technical degree,"$50,000-$74,999",Multiracial,5,4.75,2.75,5,37.48241143,Prosocial,28,23,1.5,4.5,2,2.5,4.5,23.62252487,0.31839801,53.24504975,58.98111876,0.178835299,-0.082680998,3.200395752,0.78
LAA1OD1K,37,Female,Female,No,Black or African American,"Some college, but no degree","$25,000-$49,999",Black or African American,4.5,4,3.5,4,2.231174608,Individualist,29,15,2.5,3.5,3,4,3.5,22.79333278,0.342323437,51.58666555,57.32273457,0.602941048,-0.181565028,10,0.76
0IT5KN4M,45,Male,Male,Yes,Black or African American,Bachelor’s degree,"$150,000 or more",Black or African American,3.75,3.75,2.5,4.75,34.87532834,Prosocial,30,12,4,4,5,1.5,3,30.80566494,0.111136399,67.61132988,73.34739889,0.650150914,-0.178748769,5.736572681,0.58
6WV2NEE0,32,Female,Female,Yes,"White or Caucasian,Asian",Bachelor’s degree,"$100,000-$149,999",Multiracial,2.5,3.75,3,3.25,37.48241143,Prosocial,25,22,2,3,3,1.5,4,26.09777099,0.246977504,58.19554198,63.931611,0.578067338,0.031129718,9.58845735,0.66
ZD5YRLF3,30,Female,Female,No,Black or African American,Associates or technical degree,"$50,000-$74,999",Black or African American,3.5,2.75,4,4.25,7.815293547,Individualist,25,15,2.5,3,4.5,2.5,4.5,30.25621818,0.126990082,66.51243636,72.24850538,0.544037946,0.000808571,6.232382899,0.6
HVPDYHIR,33,Male,Male,No,White or Caucasian,"Graduate or professional degree (MA, MS, MBA, PhD, JD, MD, DDS etc.)","$50,000-$74,999",White or Caucasian,3.5,3,2.25,3.5,15.84308212,Individualist,29,23,2,5,4,1,4.5,32.0413531,0.075481976,70.0827062,75.81877521,0.453958394,0.124629712,4.113941244,0.6
POW9GSVY,45,Female,Female,No,White or Caucasian,"Graduate or professional degree (MA, MS, MBA, PhD, JD, MD, DDS etc.)","$25,000-$49,999",White or Caucasian,4.25,4,1.25,4.5,26.77884041,Prosocial,32,20,5,5,4.5,1,5,23.82497285,0.312556596,53.6499457,59.38601472,0.578773063,-0.046348087,10,0.64
BJWPOBQK,25,Female,Female,No,Black or African American,Bachelor’s degree,"$50,000-$74,999",Black or African American,3.75,3.5,3.25,3.5,45,Prosocial,25,21,3.5,3,3,2.5,3,26.85485581,0.225132654,59.70971163,65.44578064,0.560677713,-0.318707974,4.160239465,0.7
5DO63X5J,39,Male,Male,No,Black or African American,"Graduate or professional degree (MA, MS, MBA, PhD, JD, MD, DDS etc.)","$100,000-$149,999",Black or African American,4.75,4.25,3.75,4.25,32.70230713,Prosocial,31,13,4.5,4.5,4.5,1,4,9.423235657,0.722553972,24.84647131,30.52193221,0,-0.073626981,5.956603715,0.93877551
9TCBNURI,36,Male,Male,No,White or Caucasian,Associates or technical degree,"$25,000-$49,999",White or Caucasian,4,3,2,4,37.48241143,Prosocial,22,18,3,4,4,2,4,15.70967835,0.546714499,37.41935669,43.15542571,0.210372026,0.123205231,10,0.82
M5KTEK0H,35,Female,Female,No,White or Caucasian,Bachelor’s degree,"$100,000-$149,999",White or Caucasian,4.25,4,4.5,4,37.48241143,Prosocial,23,16,4,3,4,3.5,3,16.12643186,0.534689534,38.25286373,43.98893274,0.090944769,0.011995345,5.684256975,0.8
DNF7I1P8,24,Female,Female,No,Black or African American,Bachelor’s degree,"$25,000-$49,999",Black or African American,3.5,3.75,2.75,4.75,37.48241143,Prosocial,25,15,5,5,5,1,2,17.01945785,0.508922251,40.03891571,45.77498472,0.098385049,0.100167556,6.157945813,0.84
THDOFYVJ,38,Male,Male,No,Black or African American,Associates or technical degree,"$100,000-$149,999",Black or African American,4.25,3.75,2.5,4,-7.815293547,Individualist,29,20,2,4,4,2,5,23.912318,0.310036348,53.824636,59.56070501,0.698033387,-0.241871148,10,0.74
M59HVEQF,21,Female,Female,No,White or Caucasian,"Some college, but no degree","$50,000-$74,999",White or Caucasian,5,5,4,5,29.80475147,Prosocial,31,27,1.5,2,4,4,4,10.69315629,0.691460729,27.38631259,33.1223816,0.305162608,-0.094143269,10,0.9
MK4MT68C,50,Female,Female,No,White or Caucasian,Bachelor’s degree,"$150,000 or more",White or Caucasian,4,5,2.5,3.25,34.87532834,Prosocial,21,26,1,4.5,3,2,4.5,28.42102403,0.179942592,62.84204805,68.57811707,0.302833426,-0.047425677,3.218558189,0.76
LYNM91ED,36,Female,Female,No,Black or African American,High school diploma or GED,"$25,000-$49,999",Black or African American,4.5,4.5,3.25,3.75,37.48241143,Prosocial,30,28,1,4,4.5,4.5,4,21.60596693,0.376583573,49.21193387,54.94800289,0.657497953,-0.252487697,10,0.78
TO5RXBKL,26,Female,Female,No,White or Caucasian,High school diploma or GED,"$25,000-$49,999",White or Caucasian,5,5,4,5,37.48241143,Prosocial,24,27,2,1,4.5,3.5,5,24.50282262,0.292997986,55.00564523,60.74171425,0.048687578,0.125243433,4.71016506,0.78
IPBY8TLI,30,Male,Male,No,White or Caucasian,Bachelor’s degree,"$50,000-$74,999",White or Caucasian,3.75,2.5,2.75,4,25.40238132,Prosocial,21,25,4.5,4,2,3.5,4.5,22.60022645,0.347895307,51.20045291,56.93652192,0.235532873,-0.075424001,4.049175292,0.74
FAABLIH3,34,Male,Male,No,White or Caucasian,"Some college, but no degree","$50,000-$74,999",White or Caucasian,3,2.5,2.25,3.5,34.87532834,Prosocial,24,18,1.5,4.5,4,3,3.5,26.41706144,0.237764729,58.83412289,64.5701919,0.564933239,-0.228651787,5.683169588,0.66
B5TKEJ2C,26,Female,Female,No,Asian,Bachelor’s degree,"$100,000-$149,999",Asian,4.75,3.25,4.25,4.25,37.48241143,Prosocial,28,28,2.5,4,3,4.5,5,31.06612621,0.103621076,68.13225242,73.86832144,0.661173576,-0.201036416,5.728005183,0.56
2ZE636RI,25,Male,Male,No,Black or African American,"Some college, but no degree","Less than $25,000",Black or African American,4,4.5,4,4.5,33.08485293,Prosocial,30,23,3,5,5,1,2.5,-0.000430009,1.000012407,5.999139981,11.735209,0,-1,10,1
2YD3BL09,37,Female,Female,No,White or Caucasian,"Some college, but no degree","$25,000-$49,999",White or Caucasian,5,4,1,4.5,37.48241143,Prosocial,28,20,3,4.5,5,1.5,4.5,10.50493773,0.696891569,27.00987546,32.74594447,0.541567748,-0.307993749,10,0.88
O5GG3FTV,22,Female,Female,Yes,White or Caucasian,Bachelor’s degree,"$50,000-$74,999",White or Caucasian,3,3.75,3.5,3.5,34.87532834,Prosocial,27,27,1,1.5,3,3,5,25.27399203,0.270746741,56.54798405,62.28405307,0.774516753,-0.428677277,7.482696439,0.7
3QTXT7DJ,39,Female,Female,Yes,Prefer not to say,High school diploma or GED,"$50,000-$74,999",Prefer not to say,2.25,2.75,2.5,3,34.87532834,Prosocial,24,21,1,2,4.5,3,2.5,4.119181879,0.881145535,14.23836376,19.97443277,0.025953232,-0.293041717,5.754571478,0.98
IRYI65XQ,33,Female,Female,No,White or Caucasian,"Some college, but no degree","$50,000-$74,999",White or Caucasian,4.25,4.5,3.75,4,33.76555599,Prosocial,26,26,3,4,4,3.5,3.5,12.1981822,0.648034861,30.39636439,36.13243341,0.824161017,-0.605748597,9.298663843,0.92
3MC0RP22,32,Female,Female,Yes,White or Caucasian,"Graduate or professional degree (MA, MS, MBA, PhD, JD, MD, DDS etc.)","$50,000-$74,999",White or Caucasian,4.25,3,1.75,3.75,37.01361585,Prosocial,20,26,1.5,4,3.5,4,4.5,28.50305547,0.177575665,63.00611094,68.74217995,0.774706755,-0.588342023,2.917758828,0.66
I4T5QOQ3,27,Female,Female,No,"White or Caucasian,Black or African American","Some college, but no degree","$75,000-$99,999",Multiracial,3.75,4,2,3,34.87532834,Prosocial,25,23,4,1.5,5,4,4.5,28.19409339,0.186490426,62.38818677,68.12425579,0.511392762,0.036855148,8.684385148,0.64
GUBD8BKK,26,Female,Female,No,Asian,Bachelor’s degree,"$150,000 or more",Asian,4.25,4.5,2.25,4.25,37.48241143,Prosocial,28,27,3,2,3,3,5,18.40060892,0.469070655,42.80121784,48.53728686,0.319754986,0.040450093,10,0.84
Y11W6YEE,20,Male,Male,No,White or Caucasian,High school diploma or GED,"$75,000-$99,999",White or Caucasian,2.75,3.25,2.25,3.25,37.48241143,Prosocial,21,25,1.5,3.5,2,4,3.5,20.56122355,0.406728495,47.1224471,52.85851611,0.574648534,0.090258665,10,0.8
TWUPRP9C,43,Male,Male,No,Black or African American,Bachelor’s degree,"$75,000-$99,999",Black or African American,3.5,4.75,2.75,4.25,8.024064635,Individualist,26,22,3,3,5,2,5,17.1513544,0.505116521,40.30270879,46.03877781,0.342545188,-0.032493168,10,0.84
AV6YPXJU,30,Female,Female,Yes,Other,Bachelor’s degree,"$100,000-$149,999",Other,3.75,2,2.75,4.25,37.48241143,Prosocial,24,21,1.5,4,3,3,2.5,25.89219107,0.252909287,57.78438214,63.52045115,0.230877866,0.115088835,6.157935451,0.72
KLPEK6B4,33,Female,Female,Yes,"White or Caucasian,Other",Associates or technical degree,"$100,000-$149,999",Multiracial,5,2.75,2,2.75,23.83874018,Prosocial,28,27,4,3,3,3.5,2.5,24.75033753,0.285856216,55.50067506,61.23674407,0.375894755,0.052952733,8.199942692,0.7
I3Z3I3RS,33,Female,Female,No,Asian,Bachelor’s degree,"$50,000-$74,999",Asian,3.5,3.25,3.5,4.25,18.6700875,Individualist,22,25,1.5,2.5,4.5,3.5,3.5,20.93592758,0.395916822,47.87185516,53.60792417,0.322967149,0.269623899,10,0.78
6MGZ913N,51,Female,Female,No,White or Caucasian,"Graduate or professional degree (MA, MS, MBA, PhD, JD, MD, DDS etc.)","$75,000-$99,999",White or Caucasian,5,1.5,2.25,4.75,-16.26020471,Competitive,32,27,4.5,4.5,5,3,4.5,10.96098084,0.683732946,27.92196168,33.65803069,0.641148679,-0.410236555,10,0.88
S2IKMVQK,34,Male,Male,No,Black or African American,Associates or technical degree,"$75,000-$99,999",Black or African American,3.25,3.5,3.75,3.25,24.95475057,Prosocial,29,21,4,3.5,4,3,3,10.27583564,0.703502057,26.55167129,32.28774031,0.464727765,-0.406700107,6.828024571,0.94
B7HURJW2,39,Male,Male,No,Black or African American,Associates or technical degree,"Less than $25,000",Black or African American,4.75,3.75,3.25,3.75,45.89238546,Prosocial,18,23,2,2,3.5,3,5,21.34952712,0.383982862,48.69905424,54.43512326,0.763905675,-0.435838364,8.160404874,0.78
FS5JUY7H,39,Male,Male,No,White or Caucasian,"Some college, but no degree","$100,000-$149,999",White or Caucasian,4,4,2.75,4,34.87532834,Prosocial,25,15,4,4.5,5,2,4,15.0563427,0.565565781,36.11268541,41.84875442,0.217663845,0.100160382,9.990556374,0.88
0BUK3E0S,30,Female,Female,Yes,American Indian/Native American or Alaska Native,Associates or technical degree,"$75,000-$99,999",American Indian/Native American or Alaska Native,4.5,3.75,2.5,3.5,37.48241143,Prosocial,29,24,3,5,4,3,3.5,24.90070177,0.281517621,55.80140354,61.53747255,0.498076641,-0.283028759,4.067575945,0.74
14ZLZMV8,36,Female,Non-binary / third gender,No,White or Caucasian,"Some college, but no degree","$50,000-$74,999",White or Caucasian,4.75,4.25,4.5,4.5,34.87532834,Prosocial,28,25,4.5,2,2,5,4.5,24.97089076,0.279492395,55.94178152,61.67785054,0.247220425,-0.001011231,4.863545697,0.76
AEAFGGIP,50,Female,Female,Yes,White or Caucasian,Associates or technical degree,"$150,000 or more",White or Caucasian,3.5,3.75,1.5,4,37.48241143,Prosocial,27,23,2,4,4.5,2,4,22.91025376,0.33894981,51.82050752,57.55657654,0.236899062,0.206473132,8.910101591,0.68
RQJRN75N,18,Female,Female,No,Asian,High school diploma or GED,"$75,000-$99,999",Asian,3.5,2.25,2.75,3.25,34.87532834,Prosocial,25,27,2,3.5,3,4,4,14.35385439,0.585835309,34.70770879,40.44377781,0.335830785,-0.037009597,10,0.86
5IEHSDSC,31,Female,Female,No,White or Caucasian,High school diploma or GED,"Less than $25,000",White or Caucasian,5,4.75,4.5,5,37.48241143,Prosocial,28,28,1.5,4,3.5,3,2.5,29.15503177,0.158763605,64.31006353,70.04613255,0.493026943,-0.128216093,5.483540416,0.56
OVU0ULGA,29,Female,Female,No,White or Caucasian,Bachelor’s degree,"Less than $25,000",White or Caucasian,2.75,3.5,4.5,4.25,37.0928373,Prosocial,15,28,1.5,1.5,1.5,5,1,20.26844065,0.415176424,46.53688129,52.27295031,0.324591343,0.308782376,10,0.78
AE7CJHC5,25,Female,Female,No,White or Caucasian,High school diploma or GED,"$25,000-$49,999",White or Caucasian,4.5,5,4.75,4,-7.815293547,Individualist,32,26,3,1.5,4.5,2.5,3.5,17.90211672,0.4834541,41.80423345,47.54030246,0.40014878,-0.07773614,10,0.82
YKQ5273D,44,Female,Female,No,White or Caucasian,Associates or technical degree,"$25,000-$49,999",White or Caucasian,4.25,4,2.75,2.75,34.87532834,Prosocial,23,27,3.5,3.5,2.5,4.5,4,27.53167121,0.189391724,61.06334242,66.73880331,0.79940486,-0.279528294,7.964576899,0.673469388
ABPH33RI,24,Male,Male,Yes,Other,High school diploma or GED,"$75,000-$99,999",Other,3,2.5,1.75,5,37.48241143,Prosocial,32,20,3.5,5,3.5,2.5,3.5,24.67752412,0.287957167,55.35504824,61.09111725,0.556038752,-0.1138137,9.38908773,0.78
TMKF6UR9,24,Female,Female,No,Asian,Bachelor’s degree,"$50,000-$74,999",Asian,3.5,3.5,2.5,4.75,13.5399498,Individualist,25,17,3,3,4,3.5,5,27.30240439,0.212219132,60.60480879,66.3408778,0,0.701948466,3.933287871,0.76
3MQ2BEJ6,35,Male,Male,No,White or Caucasian,High school diploma or GED,"$50,000-$74,999",White or Caucasian,3.5,3,1.75,3.25,34.87532834,Prosocial,30,20,5,5,4,3,4,24.4702442,0.293938001,54.94048839,60.67655741,0.285306621,0.140151247,7.287115252,0.72
B3FARQZU,35,Male,Male,No,Black or African American,Bachelor’s degree,"$25,000-$49,999",Black or African American,3.25,3,3.5,3.75,38.02977697,Prosocial,22,16,3,3.5,4,2,3.5,8.38541245,0.758048141,22.7708249,28.50689392,0,-1,2.176614837,0.96
J330EMLE,22,Male,Male,No,Black or African American,Bachelor’s degree,"Less than $25,000",Black or African American,4,4.25,4.25,3.75,9.462322208,Individualist,28,18,3,4,5,2.5,3.5,11.88222873,0.657151351,29.76445745,35.50052647,0.620330439,-0.453794322,7.986129206,0.92
8YTSZB2C,47,Female,Female,No,"White or Caucasian,Native Hawaiian or Other Pacific Islander",Associates or technical degree,"$50,000-$74,999",Multiracial,5,3.75,1.75,4.75,45,Prosocial,31,21,3,5,5,3.5,5,15.71748665,0.546489199,37.4349733,43.17104231,0.45972646,-0.148152604,10,0.78
FVWFE3K6,39,Male,Male,No,White or Caucasian,Associates or technical degree,"$25,000-$49,999",White or Caucasian,4.25,3,2.5,4,32.90524292,Prosocial,17,21,1.5,4,3,3,2,13.28224991,0.616755278,32.56449983,38.30056885,0.066816459,0.080579085,8.723785341,0.88
XRQTASLE,51,Male,Male,No,White or Caucasian,Bachelor’s degree,"$150,000 or more",White or Caucasian,5,5,4,5,34.87532834,Prosocial,32,20,3,5,5,1,3,22.00450528,0.365084187,50.00901057,55.74507958,0.309665585,-0.119345523,5.024852443,0.76
K12NR4N9,35,Female,Non-binary / third gender,No,White or Caucasian,Bachelor’s degree,"Less than $25,000",White or Caucasian,3,4.5,2.5,5,37.48241143,Prosocial,22,28,2,2,3,3,4.5,26.98100561,0.134991934,59.96201122,65.38199869,0.440379415,0.036365342,6.10426348,0.577777778
H5Q4ERRC,50,Female,Female,No,White or Caucasian,Bachelor’s degree,"$50,000-$74,999",White or Caucasian,5,5,2.25,5,41.91518767,Prosocial,31,20,2,4.5,5,3,2.5,1.867449775,0.946116789,9.734899551,15.47096857,0,-0.024237676,10,0.98
IFQ5DUQ4,34,Male,Male,No,White or Caucasian,Associates or technical degree,"Less than $25,000",White or Caucasian,5,3,3,5,26.87253899,Prosocial,28,26,1,4,4.5,4,4,24.64308225,0.288950949,55.2861645,61.02223351,0.333626609,0.127554021,8.810756854,0.72
TLZU75MF,26,Female,Female,No,Black or African American,Bachelor’s degree,"$75,000-$99,999",Black or African American,5,5,2.75,4.25,34.87532834,Prosocial,22,26,2,3,3.5,5,5,28.68386612,0.15546793,63.36773225,69.04319314,0.706022169,-0.330366678,5.133763097,0.612244898
CMB283XT,36,Male,Male,No,White or Caucasian,Associates or technical degree,"$150,000 or more",White or Caucasian,4.25,2.75,2.5,4,37.0928373,Prosocial,27,18,1.5,2.5,4.5,2,4,26.29929624,0.241162715,58.59859249,64.3346615,0,-1,0.824150424,0.78
65EF8817,20,Female,Female,No,Black or African American,Bachelor’s degree,"$50,000-$74,999",Black or African American,5,4.25,3.25,4.75,29.53878226,Prosocial,32,22,3,5,5,1.5,4.5,12.82899092,0.629833568,31.65798185,37.39405087,0.227052338,0.005935437,10,0.9
JOB9AH7F,70,Female,Prefer not to say,No,Prefer not to say,Prefer not to say,Prefer not to say,Prefer not to say,4.5,3.25,1.75,4,39.47245985,Prosocial,22,17,2.5,4,4,2,3.5,14.49855475,0.573122591,34.9971095,40.6725704,0,-0.171785838,3.855354564,0.897959184
DDAA1UO5,24,Male,Male,No,"White or Caucasian,Black or African American",High school diploma or GED,"Less than $25,000",Multiracial,4,4.5,1,2,37.48241143,Prosocial,21,21,2,3.5,2.5,1.5,4.5,11.61324177,0.664912674,29.22648354,34.96255256,0.340060641,-0.138468145,10,0.9
1RYZ8NMP,26,Male,Female,No,Black or African American,Bachelor’s degree,"$100,000-$149,999",Black or African American,3.75,3.5,3.25,3.25,24.46979861,Prosocial,20,17,2.5,3,3.5,3,3,11.60508791,0.665147944,29.21017582,34.94624484,0,-1,1.835739153,0.94
VRQA95W1,53,Female,Female,No,White or Caucasian,"Some college, but no degree","$50,000-$74,999",White or Caucasian,3,3.5,2.25,3.25,34.87532834,Prosocial,21,21,1,2.5,4,2.5,4.5,24.18383983,0.302201884,54.36767966,60.10374867,0.621988556,-0.137714608,10,0.72
ZAK14ZU8,34,Female,Female,No,Asian,Bachelor’s degree,"$50,000-$74,999",Asian,3.25,2.75,2.25,3.5,34.87532834,Prosocial,22,26,1,2.5,3,4,3,25.98969988,0.250095777,57.97939976,63.71546877,0.696054247,-0.053026038,9.802084661,0.68
6XCEPJGH,36,Male,Male,No,White or Caucasian,"Graduate or professional degree (MA, MS, MBA, PhD, JD, MD, DDS etc.)","$150,000 or more",White or Caucasian,5,4.5,2,4.5,37.48241143,Prosocial,27,22,3,5,3,1,4.5,-0.000395969,1.000011425,5.999208061,11.73527708,0,-1,10,1
4ZFPW2MZ,52,Female,Female,No,Black or African American,Associates or technical degree,"$100,000-$149,999",Black or African American,4.75,4,3,5,23.83874018,Prosocial,28,23,2,4,5,3.5,3,23.57625675,0.319733026,53.1525135,58.88858251,0.583534381,-0.377501123,4.231836627,0.8
LFYPVQQ6,27,Male,Male,No,White or Caucasian,Bachelor’s degree,"$25,000-$49,999",White or Caucasian,3.25,3.75,3.25,3.75,40.07289005,Prosocial,26,15,2.5,4,4,3.5,2.5,19.784042,0.429153214,45.568084,51.30415302,0.518969929,-0.176247907,9.969228185,0.84
IZ5NU20E,21,Female,Female,No,Black or African American,High school diploma or GED,"Less than $25,000",Black or African American,4.5,3,3.25,4.5,-4.271422017,Individualist,27,25,2.5,3,4.5,5,5,30.98379674,0.105996602,67.96759348,73.7036625,0.496166738,0.014960555,5.804383755,0.62
X2BGHV10,51,Female,Female,Yes,White or Caucasian,High school diploma or GED,"Less than $25,000",White or Caucasian,4,3.75,2.5,4.75,34.87532834,Prosocial,26,22,1.5,4,4,3,3.5,5.726016362,0.834782092,17.45203272,23.18810174,0.897920629,-0.78901012,9.957109712,0.96
FWZGY0XU,37,Male,Male,No,Asian,"Graduate or professional degree (MA, MS, MBA, PhD, JD, MD, DDS etc.)","$100,000-$149,999",Asian,4,3.5,3.25,3.75,30.84380741,Prosocial,24,26,3,4.5,2,2.5,4,25.53129323,0.263322598,57.06258645,62.79865547,0.469747184,0.0440742,9.592341463,0.76
SPDQJPRH,34,Male,Male,No,White or Caucasian,Bachelor’s degree,"$150,000 or more",White or Caucasian,5,5,1,5,7.815293547,Individualist,32,12,3,5,5,1,5,16.48013894,0.524483705,38.96027789,44.6963469,0,-1,1.505575365,0.9
AUBWTOVF,30,Male,Male,No,White or Caucasian,"Some college, but no degree","$25,000-$49,999",White or Caucasian,5,4,3.25,4.25,37.48241143,Prosocial,26,22,2.5,4,3,3.5,5,16.16201613,0.53366279,38.32403226,44.06010128,0.498044552,-0.160314851,10,0.82
MERXBFBB,25,Female,Female,No,White or Caucasian,Bachelor’s degree,"$50,000-$74,999",White or Caucasian,5,4.5,3.75,5,36.86989765,Prosocial,24,20,5,5,5,1,4,7.629503712,0.775366384,21.25900742,26.93446832,0.516018172,-0.33836488,10,0.897959184
CXPJ8BXK,38,Female,Female,No,Asian,Bachelor’s degree,"$75,000-$99,999",Asian,3.75,3.25,3,3.25,16.58733856,Individualist,27,23,2.5,3.5,3.5,4,5,20.05858641,0.421231537,46.11717282,51.85324184,0.89000141,-0.64518638,6.081372571,0.78
ULXYNFYX,65,Male,Male,No,White or Caucasian,Bachelor’s degree,"$75,000-$99,999",White or Caucasian,3.5,3.25,1.75,4,12.8243981,Individualist,22,18,4,4,5,2,3.5,29.43952851,0.150554764,64.87905702,70.61512604,0.272393395,-0.020628436,2.852015029,0.78
4KSYTS11,36,Female,Prefer not to say,No,Prefer not to say,Prefer not to say,Prefer not to say,Prefer not to say,3.75,3.75,2.5,3.25,34.87532834,Prosocial,28,24,2,3.5,2,4,5,14.57769457,0.579376647,35.15538915,40.89145817,0.854207754,-0.745106486,6.110530591,0.88
XM34JFLJ,26,Male,Male,Yes,White or Caucasian,"Some college, but no degree","$25,000-$49,999",White or Caucasian,4.5,5,3,4.75,45,Prosocial,29,17,5,4.5,5,2,5,20.85049337,0.398381932,47.70098673,53.43705575,0.616596646,-0.141807882,10,0.88
EH1ASJPH,25,Male,Male,No,Other,"Graduate or professional degree (MA, MS, MBA, PhD, JD, MD, DDS etc.)","$150,000 or more",Other,4.75,5,3,4.75,9.147080385,Individualist,32,22,3,5,4.5,3,3.5,14.59463176,0.578887943,35.18926352,40.92533254,0.750015493,-0.681070215,5.614604948,0.88
AVJ07QLR,60,Male,Male,No,White or Caucasian,Bachelor’s degree,"$75,000-$99,999",White or Caucasian,4.25,3.25,2.5,4,42.56679895,Prosocial,23,24,2.5,5,5,2,2,27.94865321,0.177114625,61.89730643,67.57276732,0.815183363,-0.480125877,4.678768625,0.673469388
Y04YO1G7,33,Male,Male,No,"White or Caucasian,Black or African American,American Indian/Native American or Alaska Native",Bachelor’s degree,"$150,000 or more",Multiracial,5,3.5,1.5,5,37.48241143,Prosocial,29,19,2.5,4,4.5,1.5,3,24.38028853,0.296533573,54.76057705,60.49664607,0.751309474,-0.376101445,6.864283731,0.74
KGCT3D1B,48,Female,Female,No,White or Caucasian,"Graduate or professional degree (MA, MS, MBA, PhD, JD, MD, DDS etc.)","$150,000 or more",White or Caucasian,3.75,2.75,2.75,4.25,15.21454096,Individualist,28,18,3.5,4.5,5,1.5,3.5,31.59169008,0.088456508,69.18338017,74.91944918,0.616667055,-0.157795296,5.021711033,0.6
4IPJA54B,31,Male,Male,No,White or Caucasian,High school diploma or GED,"$75,000-$99,999",White or Caucasian,4.25,3.5,2.75,4,34.87532834,Prosocial,24,22,1.5,4.5,5,3.5,4.5,11.40627208,0.670884557,28.81254417,34.54861318,0,0.119738592,7.780293323,0.88
QADPUMOE,48,Male,Male,No,White or Caucasian,Bachelor’s degree,"$50,000-$74,999",White or Caucasian,3.75,3.5,2.25,3.75,45.89238546,Prosocial,32,17,3,5,5,1,4,20.33550848,0.413241255,46.67101695,52.40708597,0.032603986,0.14014041,5.710858434,0.82
31BHBESS,36,Male,Male,No,White or Caucasian,Bachelor’s degree,"$100,000-$149,999",White or Caucasian,4.5,4,2.25,4.75,34.87532834,Prosocial,25,12,3,4.5,5,2,5,20.8636505,0.398002298,47.727301,53.46337002,0.623114861,-0.248094665,10,0.8
QOGZCC68,25,Male,Male,No,White or Caucasian,Associates or technical degree,"$50,000-$74,999",White or Caucasian,5,5,4,5,32.15810372,Prosocial,24,22,4.5,5,5,1,3,4.666743651,0.865346242,15.3334873,21.06955632,0.61426029,-0.816250611,5.549014734,0.98
5EVAFKOI,34,Female,Non-binary / third gender,No,White or Caucasian,Bachelor’s degree,"$100,000-$149,999",White or Caucasian,4.75,4,2.25,4.75,-9.836554505,Individualist,31,27,3,5,4.5,2,3,26.45441913,0.236686814,58.90883826,64.64490727,0.787829605,-1,1.680733999,0.78
ZCB66JDA,31,Male,Male,Yes,"Other,Prefer not to say","Some college, but no degree","Less than $25,000",Multiracial,3.25,3,2,4.5,16.26020471,Individualist,27,22,2.5,5,3,4.5,3,26.62366812,0.231803321,59.24733624,64.98340525,0,0.113479811,2.879511689,0.72
L4OQKLM7,28,Male,Male,No,White or Caucasian,Bachelor’s degree,"$75,000-$99,999",White or Caucasian,5,3.5,4,5,34.87532834,Prosocial,28,21,5,5,5,1,3,5.348358603,0.842529583,16.69671721,22.3721781,0.879428913,-0.703179847,10,0.93877551
5VBWGKFO,24,Male,Male,No,Black or African American,Bachelor’s degree,"$25,000-$49,999",Black or African American,4.75,5,3.5,5,26.32072098,Prosocial,31,19,2.5,4.5,4.5,1,2.5,18.39416568,0.469256568,42.78833137,48.52440038,0.471564516,-0.104936989,10,0.84
LULB5GYR,30,Female,Female,No,White or Caucasian,Bachelor’s degree,"$100,000-$149,999",White or Caucasian,5,4.75,4.25,5,37.48241143,Prosocial,32,28,5,3.5,4,5,3.5,29.90844583,0.13702467,65.81689166,71.55296067,0.852975635,-0.359394558,7.347785534,0.6
G6R1E33Y,53,Female,Female,No,White or Caucasian,"Graduate or professional degree (MA, MS, MBA, PhD, JD, MD, DDS etc.)","$25,000-$49,999",White or Caucasian,4.5,4.5,2.5,3,15.47525509,Individualist,27,25,2.5,3,3,3,5,29.67018786,0.143899342,65.34037571,71.07644473,0.649486185,-0.417468999,2.961988584,0.68
65DQZSPQ,54,Female,Female,No,White or Caucasian,Bachelor’s degree,"$100,000-$149,999",White or Caucasian,3.5,3.75,2.25,3.75,37.48241143,Prosocial,23,20,2.5,3,4,2,3,25.46752024,0.265162697,56.93504049,62.67110951,0.278199171,0.0079759,4.964918936,0.72
P0FDEP5V,29,Female,Female,Yes,White or Caucasian,Bachelor’s degree,"Less than $25,000",White or Caucasian,5,4.5,4.25,4.75,45,Prosocial,21,28,1,4,2.5,4.5,5,14.73191414,0.574926811,35.46382828,41.19989729,0.561126465,-0.318220324,9.030897938,0.84
ZKKOEIOD,35,Male,Male,No,Black or African American,"Graduate or professional degree (MA, MS, MBA, PhD, JD, MD, DDS etc.)","$100,000-$149,999",Black or African American,4.25,4.25,3.5,3.25,8.84181456,Individualist,26,19,3,3,4,2.5,3,22.07901121,0.3629344,50.15802241,55.89409143,0,-1,1.054734183,0.84
Q6NRG45L,32,Female,Female,No,White or Caucasian,"Graduate or professional degree (MA, MS, MBA, PhD, JD, MD, DDS etc.)","$150,000 or more",White or Caucasian,4.25,3.75,3.5,3.75,16.26020471,Individualist,22,26,4,3,4,3.5,3,24.32481412,0.298134226,54.64962824,60.38569726,0.140157497,0.196628165,6.07134726,0.72
MGE91R3O,25,Female,Female,No,Asian,Bachelor’s degree,"$50,000-$74,999",Asian,4,3,3.75,3,7.815293547,Individualist,25,23,3.5,4,3.5,4,4,22.5770979,0.348562656,51.1541958,56.89026482,0.698270787,-0.233194707,10,0.82
6M792YMW,27,Female,Female,No,White or Caucasian,"Graduate or professional degree (MA, MS, MBA, PhD, JD, MD, DDS etc.)","$50,000-$74,999",White or Caucasian,3.25,4.5,3.5,2.25,15.47525509,Individualist,24,28,3,2,3,4,4.5,30.50414499,0.119836426,67.00828999,72.744359,1,-0.365056296,4.761897536,0.64
2CD0B69O,33,Female,Female,No,White or Caucasian,"Graduate or professional degree (MA, MS, MBA, PhD, JD, MD, DDS etc.)","$75,000-$99,999",White or Caucasian,4.5,4,4.75,5,18.43494882,Individualist,22,28,1,3,2.5,5,3.5,20.61414481,0.40520151,47.22828963,52.96435864,0,0.312855152,7.509955112,0.8
31ME01V3,28,Male,Male,Yes,White or Caucasian,"Some college, but no degree","$25,000-$49,999",White or Caucasian,4.75,4.5,3.25,4.5,34.87532834,Prosocial,32,25,1,4,3,3.5,4.5,11.33207292,0.673025492,28.66414584,34.40021486,0.243446983,-0.155374524,6.944385222,0.9
71LLEFLB,29,Male,Male,No,Asian,Bachelor’s degree,"$75,000-$99,999",Asian,3.25,1.25,2.75,4.25,36.86989765,Prosocial,21,22,1,2.5,3.5,3.5,1.5,27.9966561,0.192187262,61.9933122,67.72938122,0.693015299,-0.322044216,5.416165842,0.68
78KLS8FR,26,Male,Male,No,White or Caucasian,High school diploma or GED,"Less than $25,000",White or Caucasian,4,3.25,3.25,4.5,37.01361585,Prosocial,28,23,3,3.5,2.5,5,5,17.22929034,0.502867765,40.45858069,46.19464971,0.312590505,-0.02273173,9.180800491,0.84
KNERI0ML,24,Female,Female,No,Black or African American,High school diploma or GED,"Less than $25,000",Black or African American,3.5,3.75,2.5,4,35.59686763,Prosocial,28,23,4.5,3,4,3.5,3.5,13.41856281,0.61282212,32.83712562,38.57319464,0,-0.733726306,2.05024959,0.92
9CKX44CO,51,Male,Male,No,White or Caucasian,"Some college, but no degree","$25,000-$49,999",White or Caucasian,3.25,3.75,2.25,4.25,34.87532834,Prosocial,28,21,1.5,2.5,4.5,3,4.5,22.0875787,0.362687195,50.1751574,55.91122641,0.60948825,-0.300895396,7.638157292,0.74
SCZ5DPG9,37,Female,Female,No,White or Caucasian,Bachelor’s degree,"$50,000-$74,999",White or Caucasian,3.5,1.25,1.5,3.75,34.3593803,Prosocial,27,20,4,2.5,3.5,2,4,6.699856588,0.806683003,19.39971318,25.13578219,0.753710555,-0.590950936,10,0.96
B2CFWWQJ,31,Male,Male,No,White or Caucasian,"Some college, but no degree","$25,000-$49,999",White or Caucasian,3.5,3.25,2,4.25,22.82206288,Prosocial,29,22,1.5,2.5,4.5,2.5,4.5,15.76923538,0.544996047,37.53847075,43.27453977,0.517062336,-0.130443933,10,0.82
R7G6H8LP,41,Female,Female,No,Black or African American,"Graduate or professional degree (MA, MS, MBA, PhD, JD, MD, DDS etc.)","$50,000-$74,999",Black or African American,4.5,4.25,2.75,3.75,37.48241143,Prosocial,30,22,2,2.5,4.5,4,3.5,17.58374457,0.44852215,41.16748914,46.65341333,0.526786995,-0.205338077,10,0.782608696
H04ZVH49,32,Female,Female,No,White or Caucasian,Bachelor’s degree,"Less than $25,000",White or Caucasian,4,4.5,2.75,4.25,45,Prosocial,24,25,1,3,3.5,4.5,4.5,22.47277204,0.351572864,50.94554408,56.6816131,0.660581954,-0.219361372,10,0.76
EYV4366S,67,Female,Female,No,White or Caucasian,Bachelor’s degree,"$50,000-$74,999",White or Caucasian,2.75,2.5,2.25,3.5,34.87532834,Prosocial,19,15,1.5,3,3.5,1,2.5,26.50283404,0.219683526,59.00566807,64.68112897,0.624308639,-0.194494077,9.140686965,0.673469388
Z1VJ15F0,34,Female,Female,No,White or Caucasian,Bachelor’s degree,"Less than $25,000",White or Caucasian,5,5,3,5,45,Prosocial,24,28,4,4.5,5,4,5,14.60286334,0.57865043,35.20572668,40.94179569,0.568678267,-0.345473335,8.702457164,0.84
5B9N6IL8,31,Female,Female,No,White or Caucasian,Bachelor’s degree,Prefer not to say,White or Caucasian,4.25,4,3.5,3,34.87532834,Prosocial,26,26,1,3.5,3,4,4.5,24.12173498,0.303993851,54.24346995,59.97953897,0.074280926,0.018364872,3.278470952,0.74
PAWXOLHN,26,Male,Male,Yes,White or Caucasian,"Graduate or professional degree (MA, MS, MBA, PhD, JD, MD, DDS etc.)","$100,000-$149,999",White or Caucasian,2.25,2,2,2,10.38517699,Individualist,24,17,4,3,4,2,4,21.61390511,0.376354526,49.22781022,54.96387923,0.40840257,-0.031632016,8.199584779,0.76
XYWQCXF1,43,Male,Male,No,White or Caucasian,High school diploma or GED,"Less than $25,000",White or Caucasian,3.25,3.25,2.75,3.5,20.67442476,Individualist,21,20,3,4.5,3.5,3,3.5,16.97972697,0.510068642,39.95945395,45.69552297,0.251991102,-0.062933893,6.536613469,0.84
8R5PPMRT,27,Male,Male,Yes,American Indian/Native American or Alaska Native,"Some college, but no degree","$75,000-$99,999",American Indian/Native American or Alaska Native,4.25,2,3,3.5,40.07289005,Prosocial,26,22,1.5,3,2,4.5,3.5,27.23534208,0.214154141,60.47068417,66.20675319,0.560754172,-0.174299698,6.689658675,0.7
BKRUDJZS,65,Female,Female,No,White or Caucasian,Associates or technical degree,Prefer not to say,White or Caucasian,5,4.75,2,5,34.87532834,Prosocial,31,20,4.5,4.5,5,2.5,5,21.58813965,0.37709796,49.17627931,54.91234832,0.51417641,-0.152395593,9.241576698,0.76
06TCS2X1,35,Male,Male,No,White or Caucasian,High school diploma or GED,"Less than $25,000",White or Caucasian,3.25,4.5,4.75,3.25,37.48241143,Prosocial,27,25,1.5,2.5,2.5,4.5,4.5,18.68139937,0.460968755,43.36279874,49.09886775,0.280635258,0.364183505,10,0.78
K7V9D9OJ,39,Male,Male,No,Black or African American,Bachelor’s degree,"Less than $25,000",Black or African American,2.25,1.25,1,2.25,37.48241143,Prosocial,23,11,2.5,3,5,1,4,23.06389919,0.33451654,52.12779838,57.8638674,0.571509792,0.058726411,10,0.76
SUI6H62Y,65,Male,Male,No,White or Caucasian,"Some college, but no degree","$50,000-$74,999",White or Caucasian,4.5,4.75,1.25,4.25,37.48241143,Prosocial,28,14,4.5,5,5,1.5,5,7.009836874,0.797738862,20.01967375,25.75574276,0.647810859,-0.459702532,10,0.94
RBDA9YKD,24,Male,Male,No,"Asian,Native Hawaiian or Other Pacific Islander",Bachelor’s degree,Prefer not to say,Multiracial,3.75,2.75,2.5,4.5,45,Prosocial,24,23,2,4,4.5,3,4,19.83670438,0.427633699,45.67340876,51.40947778,0.357031904,-0.054294521,7.958407716,0.8
EWEL91GD,47,Female,Female,No,White or Caucasian,"Graduate or professional degree (MA, MS, MBA, PhD, JD, MD, DDS etc.)","$75,000-$99,999",White or Caucasian,4.5,4.75,2.25,3.25,-7.815293547,Individualist,29,26,4,4.5,4.5,4,3,15.75243014,0.545480943,37.50486028,43.24092929,0.519362466,-0.214383719,9.614666286,0.8
G8ACXQ1I,27,Female,Female,No,White or Caucasian,Bachelor’s degree,"$50,000-$74,999",White or Caucasian,4.75,3.75,3,3.75,34.87532834,Prosocial,26,22,1.5,4,3.5,3,4,15.92291947,0.540561661,37.84583895,43.58190796,0.456777443,-0.127361323,10,0.76
63R7N045,33,Male,Male,No,White or Caucasian,High school diploma or GED,"$25,000-$49,999",White or Caucasian,4.75,4.5,2.25,4.25,37.0928373,Prosocial,18,19,1,2,2,3.5,3.5,23.00155978,0.336315275,52.00311957,57.73918859,0.337869748,0.142687796,10,0.74
INDP9D1Z,40,Female,Male,Yes,White or Caucasian,Bachelor’s degree,"$100,000-$149,999",White or Caucasian,5,4.75,3,4.75,31.49768024,Prosocial,22,21,1.5,4,4.5,3,5,25.67499693,0.259176185,57.34999386,63.08606287,0.054210231,0.403392888,5.846150613,0.7
PK1EQ7GG,32,Male,Male,No,Asian,Bachelor’s degree,"$100,000-$149,999",Asian,3.25,3.5,1.5,4.25,34.87532834,Prosocial,26,11,4,2.5,3,1,3.5,22.40586029,0.35350353,50.81172057,56.54778959,0.58857038,-0.137850581,10,0.8
H4VWDUJF,25,Female,Female,No,"White or Caucasian,Black or African American","Some college, but no degree","$25,000-$49,999",Multiracial,4.25,4.75,3.5,5,31.49768024,Prosocial,31,22,3.5,4,3.5,4,3,26.31572993,0.240688539,58.63145987,64.36752889,0.645180003,-0.365613187,4.850580976,0.76
FAL3UZA1,27,Male,Male,No,Black or African American,Bachelor’s degree,"$50,000-$74,999",Black or African American,4,4,3,4,-13.01219758,Competitive,29,20,2.5,4.5,4.5,1.5,3,-0.00036148,1.00001043,5.999277039,11.73534606,0,-1,10,1
AZCEER54,23,Female,Female,Yes,Prefer not to say,"Graduate or professional degree (MA, MS, MBA, PhD, JD, MD, DDS etc.)","Less than $25,000",Prefer not to say,4.5,2.5,2.25,3.75,7.815293547,Individualist,32,24,3,2.5,5,3,4.5,21.0659781,0.392164357,48.13195621,53.86802522,0.271912256,0.101286543,10,0.84
KJ2KEPZX,33,Male,Male,No,"White or Caucasian,Asian","Some college, but no degree","$25,000-$49,999",Multiracial,3.25,3,1.75,4.25,34.87532834,Prosocial,27,16,3,2,4.5,1,4,17.58345165,0.49264883,41.16690329,46.90297231,0.448365424,-0.062825595,10,0.8
42FPD463,49,Male,Male,No,White or Caucasian,Associates or technical degree,"$100,000-$149,999",White or Caucasian,4,3.75,1.5,4.75,34.87532834,Prosocial,29,20,5,3,5,1,4.5,22.65801713,0.346227821,51.31603426,57.05210328,0.294482398,0.021021395,6.820457577,0.8
ZIPHUMXZ,52,Female,Female,No,White or Caucasian,"Some college, but no degree","$50,000-$74,999",White or Caucasian,5,4.5,2.75,4.5,23.05659383,Prosocial,23,25,3.5,4,1.5,3.5,3.5,11.82577836,0.658780164,29.65155672,35.38762574,0.390835914,-0.155462269,10,0.94
NPK6DLQB,26,Female,Female,Yes,White or Caucasian,"Some college, but no degree","$25,000-$49,999",White or Caucasian,4.5,4,3,3.25,37.0928373,Prosocial,28,22,3,3.5,2.5,3.5,4,16.03376128,0.537363442,38.06752257,43.80359158,0.371212364,-0.040148752,10,0.84
5G72WPOC,27,Female,Female,No,Black or African American,Associates or technical degree,"$25,000-$49,999",Black or African American,4,3.75,2.5,3.25,34.87532834,Prosocial,22,26,1.5,2.5,3,5,5,23.56140366,0.320161596,53.12280733,58.85887634,0.540130752,-0.009438674,10,0.8
T90JP02U,25,Male,Male,No,White or Caucasian,Associates or technical degree,"Less than $25,000",White or Caucasian,3.5,5,2,3.75,37.48241143,Prosocial,29,22,1.5,3,3,3.5,4.5,13.30625895,0.616062524,32.6125179,38.34858691,0.628864863,-0.40662917,8.011855961,0.88
PVHJ209L,55,Male,Male,No,White or Caucasian,Bachelor’s degree,"$75,000-$99,999",White or Caucasian,2.75,2,2.5,2.75,34.87532834,Prosocial,27,21,1.5,2,5,2,2,25.02183368,0.231938822,56.04366735,61.59411016,0.64191881,-0.149174363,9.454248816,0.723404255
3Y0LRDVE,48,Female,Female,No,Black or African American,Bachelor’s degree,"$50,000-$74,999",Black or African American,4,4.5,2,4,37.48241143,Prosocial,28,22,2,2,5,3,2,20.06821148,0.341992973,46.13642297,51.48899187,0.457638757,-0.033030234,9.769874108,0.840909091
WXYY3SZ4,54,Female,Female,No,Black or African American,Bachelor’s degree,"$100,000-$149,999",Black or African American,4,3.75,4.5,3.25,31.31774184,Prosocial,28,18,3,3,4,4.5,3,11.15352967,0.678177161,28.30705933,34.04312835,0,-1,1.884056538,0.94
2L8WK0ZR,18,Male,Male,No,"White or Caucasian,Black or African American","Some college, but no degree","$50,000-$74,999",Multiracial,5,2.75,2.75,3.75,14.74356284,Individualist,28,17,3,4,3.5,2,4,10.21291015,0.705317704,26.4258203,32.16188931,0.571936066,-0.33912299,10,0.92
1D7DJOTV,24,Male,Male,No,White or Caucasian,Bachelor’s degree,"$25,000-$49,999",White or Caucasian,3.75,3.75,3,3.25,48.96152688,Prosocial,24,18,4,3.5,4,3,3,5.073489931,0.853610025,16.14697986,21.88304888,0,-1,2.605968964,0.98
8F6ELM9X,34,Female,Female,No,White or Caucasian,Associates or technical degree,"$25,000-$49,999",White or Caucasian,4.25,4.5,1.75,4.25,37.48241143,Prosocial,23,17,2,4.5,4,3,5,13.82375223,0.601130824,33.64750445,39.38357347,0.684563085,-0.501104907,7.547822879,0.9
9EDMK667,28,Female,Female,No,Black or African American,Associates or technical degree,"$50,000-$74,999",Black or African American,5,5,4.5,5,34.87532834,Prosocial,24,25,3,4,3.5,2.5,3.5,22.9259608,0.338496601,51.8519216,57.58799061,0.774754926,-0.423866982,7.922858081,0.76
PVMJNOXS,32,Female,Female,No,Black or African American,Associates or technical degree,"$25,000-$49,999",Black or African American,5,4.5,3.5,4.5,0.931556598,Individualist,28,20,1,4.5,4.5,2.5,3,22.2164825,0.358967817,50.432965,56.16903402,0.706212368,-0.339225564,9.202710582,0.74
2AEMFXN6,44,Male,Male,No,Asian,Bachelor’s degree,"$150,000 or more",Asian,2.75,1.5,2.75,2.25,34.87532834,Prosocial,24,19,1,2.5,3.5,4,3.5,21.74920454,0.372450609,49.49840908,55.2344781,0.441856886,0.229029427,10,0.74
9VBB05E6,39,Female,Female,No,White or Caucasian,Associates or technical degree,"$75,000-$99,999",White or Caucasian,4.25,3.5,3.75,3.5,22.75864338,Prosocial,26,28,3,4,3.5,5,3.5,24.28346636,0.29932727,54.56693272,60.30300173,0.778546122,-0.471436216,5.854952659,0.74
WT53E3JR,31,Female,Female,No,Black or African American,"Graduate or professional degree (MA, MS, MBA, PhD, JD, MD, DDS etc.)","$50,000-$74,999",Black or African American,4.75,4.5,3.75,5,32.52790205,Prosocial,25,25,3,4.5,5,3.5,2.5,25.93366974,0.251712466,57.86733947,63.60340849,0.493164538,0.072533671,9.459803266,0.64
TS4M6X87,31,Male,Male,No,Black or African American,Associates or technical degree,"$100,000-$149,999",Black or African American,5,5,2.25,5,10.38517699,Individualist,32,18,3.5,5,5,1.5,3,-0.000285392,1.000008235,5.999429216,11.73549823,0,-1,10,1
9PILLPD2,38,Male,Male,No,White or Caucasian,"Graduate or professional degree (MA, MS, MBA, PhD, JD, MD, DDS etc.)","$50,000-$74,999",White or Caucasian,4.5,3.25,1.25,4,32.90524292,Prosocial,29,20,4,3.5,5,1,4.5,20.90515069,0.396804855,47.81030137,53.54637039,0.5986912,-0.185310284,10,0.82
5A1L6UBR,45,Male,Male,No,Black or African American,High school diploma or GED,"$75,000-$99,999",Black or African American,4,3.25,2.75,2.5,32.73522627,Prosocial,19,24,2,2,4,4,4.5,18.90781678,0.45443573,43.81563356,49.55170258,0.261386407,0.072758796,10,0.82
XA738UZ2,38,Male,Male,No,Black or African American,Bachelor’s degree,"$25,000-$49,999",Black or African American,4.75,3,2,4.25,31.49768024,Prosocial,31,23,3,5,4,1,3,-0.000388241,1.000011202,5.999223518,11.73529253,0,-1,10,1
PS0KXBV4,18,Male,Male,No,White or Caucasian,"Some college, but no degree","$75,000-$99,999",White or Caucasian,4,3.5,3.75,3.75,32.90524292,Prosocial,27,21,2,3,2.5,3.5,3.5,18.12973292,0.476886484,42.25946585,47.99553487,0,0.157448442,6.248716986,0.82
KDX7EP4L,33,Male,Male,No,White or Caucasian,"Graduate or professional degree (MA, MS, MBA, PhD, JD, MD, DDS etc.)","$75,000-$99,999",White or Caucasian,4.75,3.25,2.25,4.25,7.815293547,Individualist,26,27,2,4,2.5,3.5,4,23.57936484,0.319643346,53.15872968,58.89479869,0.462310743,0.000705774,10,0.74
XUTKVQ8I,28,Male,Male,No,Black or African American,Bachelor’s degree,"$100,000-$149,999",Black or African American,3.75,3.75,4,4,32.3545796,Prosocial,32,22,2.5,4,4.5,2.5,3.5,25.51850357,0.263691629,57.03700714,62.77307615,0.560883587,-1,1.390609746,0.8
ZL3C854P,25,Male,Male,No,Black or African American,Bachelor’s degree,"$75,000-$99,999",Black or African American,3,3,3,3,34.3593803,Prosocial,30,22,3,3,4.5,4,3,7.963461376,0.770223075,21.92692275,27.66299177,0.259383382,-0.610906537,3.957235924,0.96
ENZ2ZHCC,28,Female,Female,No,Black or African American,"Graduate or professional degree (MA, MS, MBA, PhD, JD, MD, DDS etc.)","$150,000 or more",Black or African American,3.5,3.5,3.5,3.25,36.33261282,Prosocial,31,23,1,2,4,3,3.5,24.92906686,0.280699177,55.85813371,61.59420273,0.83982117,-0.562128054,5.560449991,0.76
4RPF42BC,36,Male,Female,No,White or Caucasian,Associates or technical degree,"$50,000-$74,999",White or Caucasian,4,2.75,2,3.25,18.51063673,Individualist,23,17,2,2.5,3.5,2.5,3.5,28.36398969,0.181588255,62.72797938,68.46404839,0.734975734,-0.253471799,7.881987438,0.72
08W0Z2BK,33,Male,Male,No,White or Caucasian,"Graduate or professional degree (MA, MS, MBA, PhD, JD, MD, DDS etc.)","$50,000-$74,999",White or Caucasian,4,2.5,1,5,7.815293547,Individualist,29,11,4.5,3.5,5,1,4.5,19.00070326,0.451755593,44.00140652,49.73747553,0.253627088,-0.133793871,5.167794522,0.8
T3FBJXCY,27,Female,Female,No,White or Caucasian,Bachelor’s degree,"$25,000-$49,999",White or Caucasian,4.75,4,2.5,2.75,37.48241143,Prosocial,19,21,2.5,3.5,4,4,5,26.30025418,0.241135075,58.60050835,64.33657737,0.465147448,-0.048771703,7.148477166,0.76
32YYU5O8,32,Female,Male,No,White or Caucasian,Bachelor’s degree,"$100,000-$149,999",White or Caucasian,5,4,2,4.25,34.87532834,Prosocial,28,17,5,5,3,1.5,4.5,10.34719699,0.701443004,26.69439398,32.430463,0.35872457,-0.211397933,9.767897315,0.88