PROLIFIC_PID,Q1,Q2,Q3,Q4,Q5,Q6,Q7,Q8,Q9,Q10,Q11,Q12,Q13,Q14,Q15,Q16,Q17,Q18,Q19,Q20,Q21,Q22,Q23,Q24,Q25,Q26,Q27,Q28,Q29,Q30,Q31,Q32,Q33,Q34,Q35,Q36,Q37,Q38,Q39,Q40,Q41,Q42,Q43,Q44,Q45,Q46,Q47,Q48,Q49,Q50,Q51,Q52,Q53,Q54,Q55,Q56,Q57,Q58,Q59,Q60,Q61,Q62,Q63,Q64,Q65,Q66,Q67,Q68,Q69,Q70,Q71,Q72,Q73,Q74,Q75,Q76,Q77,Q78,Q79,Q80,Q81,Q82,Q83,Q84,Q85,Q86,Q87,Q88,Q89,Q90,Q91,Q92,Q93,Q94,Q95,Q96,Q97,Q98,Q99,Q100,Mean,SD,ValidS
60cb3c4b9454f7a196355088,,1.0,,-5.0,,,5.0,,3.0,1.0,,3.0,,,3.0,,-3.0,,-5.0,,-5.0,-3.0,,5.0,1.0,,-1.0,5.0,,-3.0,,3.0,1.0,5.0,,,3.0,,-3.0,1.0,,5.0,,5.0,1.0,,5.0,3.0,3.0,,-5.0,,,,,,,3.0,5.0,,,,,-5.0,-1.0,,5.0,,1.0,,,-3.0,,,,3.0,,3.0,,-1.0,-3.0,,3.0,3.0,-3.0,,,5.0,,5.0,3.0,5.0,,1.0,3.0,3.0,,,,,1.28,3.356626100046028,50
665c989703b2609ce0e958ad,,,,-1.0,5.0,5.0,1.0,,5.0,,,,5.0,5.0,-1.0,-3.0,,,,5.0,-5.0,3.0,5.0,5.0,,5.0,5.0,,-5.0,-5.0,,,5.0,5.0,,1.0,5.0,,,3.0,1.0,,,,5.0,,-5.0,,,-5.0,,,,,-3.0,5.0,5.0,,,,-5.0,1.0,,1.0,,3.0,1.0,,1.0,1.0,-1.0,,,,5.0,,3.0,,5.0,,,-5.0,3.0,,,,1.0,,,,,-3.0,,-1.0,5.0,5.0,,5.0,5.0,,1.72,3.675845036817232,50
5a7920bb5292b8000122899e,1.0,,,,5.0,,,3.0,1.0,-5.0,-5.0,,-1.0,5.0,,,-5.0,,,-5.0,,-3.0,3.0,,,-3.0,,5.0,,-5.0,-5.0,-1.0,-1.0,5.0,,5.0,,,-5.0,,1.0,-1.0,-5.0,-3.0,-3.0,-5.0,-5.0,,1.0,,-5.0,,,,,,,5.0,,5.0,,,-5.0,,5.0,,,,-3.0,,,-5.0,-3.0,,,1.0,-5.0,-5.0,,,,-5.0,,,,-5.0,-3.0,,,,-5.0,-5.0,,-1.0,,,5.0,-3.0,5.0,5.0,-1.16,3.996733360010448,50
648646988a5170373da06a9e,,,,,5.0,,,-3.0,5.0,,,,,-3.0,,,1.0,,-1.0,3.0,-1.0,,5.0,,-5.0,5.0,,5.0,1.0,-5.0,-1.0,5.0,-3.0,,,,5.0,,,,,5.0,5.0,,5.0,-5.0,,-1.0,,-5.0,-3.0,,3.0,-3.0,5.0,,,,,5.0,-5.0,,-5.0,,,,,,3.0,,,,1.0,,,,-5.0,,5.0,,,5.0,1.0,-1.0,3.0,5.0,1.0,5.0,,,5.0,,3.0,-1.0,5.0,5.0,,3.0,5.0,5.0,1.44,3.79666878691716,50
6634e6202da0719ae4ec6455,,,,-3.0,,,3.0,,3.0,,,,3.0,5.0,-3.0,-3.0,,,,5.0,,3.0,1.0,3.0,,-3.0,1.0,5.0,-1.0,-3.0,,,3.0,5.0,,5.0,5.0,-1.0,,-3.0,-3.0,,,3.0,3.0,,3.0,,,-1.0,-3.0,,,,,5.0,3.0,,,,-3.0,-3.0,,-3.0,,-1.0,3.0,,3.0,3.0,-3.0,,,,5.0,,-3.0,,5.0,,,-3.0,,,,3.0,5.0,3.0,,,5.0,3.0,,1.0,,,,3.0,5.0,,1.36,3.173615719442711,50
6646e456d8f747b7fb0a76b3,-1.0,1.0,1.0,,,,,1.0,1.0,-3.0,1.0,1.0,,,,,1.0,1.0,1.0,,1.0,,,,1.0,,,,,,1.0,,3.0,,1.0,,,,1.0,,-3.0,3.0,1.0,,,-3.0,,3.0,1.0,,,3.0,3.0,1.0,1.0,,,1.0,-1.0,,,,1.0,,3.0,,,3.0,1.0,,,1.0,3.0,1.0,,3.0,,-1.0,,3.0,1.0,,3.0,-1.0,3.0,,,3.0,1.0,1.0,,,1.0,,,1.0,3.0,,,1.0,1.16,1.556552968214427,50
654dc6da0fc827b2e98ad492,3.0,,-1.0,,,-3.0,,-1.0,3.0,,,3.0,,1.0,,-3.0,,,-1.0,,-5.0,,,1.0,,-3.0,-1.0,1.0,-3.0,,,,-3.0,5.0,1.0,,1.0,,-1.0,-1.0,-3.0,,,-1.0,-1.0,-5.0,,,1.0,,-3.0,-1.0,,,,1.0,-1.0,,1.0,,,1.0,-1.0,-3.0,3.0,,1.0,-1.0,-1.0,,,,1.0,3.0,,3.0,,,,,,-1.0,,,-1.0,,,,-3.0,,,,-1.0,-3.0,,1.0,3.0,-1.0,,5.0,-0.28,2.382247266934381,50
669b009cf57b80f6dfb2e433,,,3.0,-5.0,,3.0,1.0,,3.0,,,3.0,,,3.0,-3.0,,1.0,-1.0,1.0,-1.0,,-1.0,1.0,1.0,,-1.0,,1.0,,3.0,,-1.0,,-1.0,,1.0,1.0,,1.0,3.0,,-1.0,,,,,,,-1.0,,1.0,,,,,,,1.0,,-5.0,-3.0,,-1.0,,1.0,3.0,5.0,1.0,1.0,,,3.0,,5.0,,5.0,,1.0,1.0,,,-3.0,-1.0,-1.0,,,3.0,-5.0,,,,,,3.0,1.0,,-1.0,3.0,,0.64,2.447489342496235,50
60dd09edc00654d72f6259b3,5.0,1.0,1.0,1.0,3.0,3.0,5.0,-1.0,5.0,,,1.0,5.0,,-1.0,1.0,,,,,-1.0,5.0,,,1.0,3.0,,5.0,-1.0,,,,3.0,1.0,,,5.0,3.0,,,,5.0,,,,-3.0,,3.0,,-1.0,,-1.0,,-1.0,,,3.0,,,,,,3.0,,5.0,,,,3.0,,-5.0,-5.0,,1.0,,3.0,-1.0,,3.0,,5.0,3.0,3.0,3.0,3.0,1.0,,,-3.0,3.0,,,,3.0,,,,-1.0,,5.0,1.8,2.6802375770419595,50
66bf4e9bb19d166a02bd33df,5.0,5.0,1.0,-5.0,,1.0,5.0,,3.0,3.0,3.0,5.0,1.0,,-1.0,,,3.0,,,,,,5.0,,,,3.0,,,,5.0,-5.0,1.0,3.0,1.0,,5.0,-5.0,5.0,5.0,,,5.0,,,,,5.0,,1.0,,,,,1.0,-3.0,3.0,5.0,5.0,,,,-3.0,-5.0,5.0,1.0,,3.0,5.0,-5.0,-5.0,,,5.0,5.0,,-5.0,,-1.0,1.0,,,,,3.0,,,1.0,3.0,5.0,,,,,,5.0,,,,1.84,3.501369994264344,50
53987712fdf99b68e3a45021,5.0,-5.0,,,,,,,-1.0,,-5.0,5.0,5.0,,,,-3.0,1.0,,,,5.0,,5.0,,5.0,3.0,,,,-5.0,5.0,-5.0,,-5.0,,,,,-1.0,-3.0,-5.0,3.0,,5.0,,-3.0,-5.0,1.0,,-5.0,,,-5.0,-5.0,,3.0,5.0,1.0,5.0,,,,,3.0,,5.0,-3.0,1.0,,-1.0,,1.0,,,5.0,-5.0,,5.0,5.0,,,3.0,-3.0,,3.0,,,,1.0,5.0,,,1.0,,1.0,5.0,,-3.0,,0.6,3.979539507766891,50
66481194550ddf2d298a31e7,,,,,1.0,,-1.0,-1.0,3.0,-5.0,3.0,3.0,,,1.0,,,,,,-3.0,,,,,,3.0,,,-1.0,,,-1.0,,,1.0,5.0,,1.0,,3.0,3.0,,3.0,-3.0,-3.0,,,3.0,,,3.0,5.0,-1.0,,1.0,,1.0,,5.0,-1.0,,,1.0,,3.0,,,1.0,,-3.0,-3.0,,,,,,3.0,5.0,3.0,3.0,-1.0,1.0,-1.0,,,1.0,3.0,-1.0,3.0,,1.0,1.0,,3.0,,,3.0,3.0,5.0,1.24,2.478972795826727,50
650da97f0e8d1e74d590dc2e,5.0,3.0,5.0,,1.0,3.0,,-1.0,5.0,-3.0,-3.0,5.0,,,,,1.0,5.0,1.0,,,,,,1.0,,,,,,-1.0,3.0,-3.0,,-1.0,,,,1.0,,,5.0,3.0,,,-3.0,,1.0,-1.0,,,3.0,-1.0,1.0,,,,5.0,5.0,5.0,,,3.0,,3.0,,,3.0,3.0,,,-1.0,-1.0,5.0,,3.0,,3.0,,3.0,5.0,,,5.0,3.0,,,5.0,1.0,5.0,,,5.0,,5.0,,5.0,,,5.0,2.36,2.632295498578519,50
66448e4a23f9fcc745fdf22e,5.0,-3.0,,,1.0,3.0,,,3.0,,,,1.0,5.0,,-3.0,3.0,5.0,-3.0,-1.0,,1.0,5.0,5.0,-5.0,1.0,,5.0,-3.0,,1.0,3.0,3.0,5.0,-1.0,,,1.0,,-3.0,,,1.0,,,,3.0,-5.0,,-1.0,,,,,-1.0,,-1.0,,1.0,,,5.0,-1.0,,-5.0,,3.0,5.0,5.0,3.0,,,-1.0,1.0,3.0,1.0,-1.0,,,,,,,,,1.0,,,,,1.0,,,3.0,,3.0,5.0,,,,1.24,2.9867735646564526,50
6667efcb8f738fa4f10c8b2b,,,,-3.0,5.0,,,1.0,5.0,-3.0,,,,-3.0,1.0,3.0,,,1.0,3.0,-3.0,,5.0,,,,3.0,1.0,,-3.0,-5.0,,-3.0,3.0,,5.0,,-1.0,-1.0,,5.0,,1.0,,,,,,1.0,-5.0,,5.0,5.0,,3.0,3.0,,5.0,,,3.0,1.0,1.0,-1.0,,5.0,,,1.0,,,5.0,,3.0,5.0,,,3.0,,5.0,1.0,,,,-1.0,,3.0,5.0,-3.0,,,,,,5.0,,5.0,1.0,,5.0,1.72,3.097332624655464,50
63ea5da3ed6f566affd005dd,,-3.0,-1.0,,,3.0,1.0,,1.0,1.0,,,,1.0,-5.0,1.0,1.0,3.0,,-3.0,-1.0,3.0,,1.0,,,3.0,,,1.0,,1.0,-1.0,,,-3.0,,-3.0,,,3.0,3.0,,1.0,,1.0,3.0,-1.0,,,-3.0,5.0,,,,,,3.0,,3.0,,3.0,3.0,,,3.0,1.0,-3.0,3.0,,,,3.0,1.0,3.0,,,-3.0,,3.0,,1.0,,,,3.0,,,-3.0,3.0,-1.0,3.0,,-1.0,,,,,3.0,,0.88,2.404417702853628,50
5ac4c721e1099600016a823b,-3.0,,,-5.0,5.0,,,,-3.0,,-5.0,,-5.0,,,-5.0,,,-5.0,,,-5.0,1.0,,-5.0,-5.0,,,,,-5.0,,-3.0,,3.0,,,-5.0,,5.0,,,-5.0,-5.0,-5.0,,-3.0,,5.0,-5.0,,-5.0,-5.0,-5.0,-5.0,,,,-5.0,,-5.0,1.0,,-5.0,,,,,-5.0,-5.0,-5.0,-5.0,,-3.0,,,-5.0,,-3.0,,-1.0,,5.0,-5.0,-5.0,,3.0,5.0,,,,3.0,-5.0,,5.0,3.0,5.0,,,5.0,-2.2,3.979539507766892,50
603e370c5ed1c2db2c3bde24,5.0,,,-5.0,,3.0,3.0,,5.0,1.0,1.0,,,-5.0,,,5.0,5.0,-1.0,5.0,,,5.0,3.0,,,,,,-5.0,,5.0,1.0,,5.0,5.0,,3.0,1.0,5.0,,,,5.0,3.0,,1.0,,,,-5.0,,5.0,-5.0,,5.0,,,1.0,5.0,-5.0,5.0,,-3.0,,5.0,5.0,,3.0,5.0,,,1.0,,3.0,,,-5.0,,,,,,,,,-3.0,5.0,,,5.0,5.0,1.0,,5.0,5.0,,,5.0,5.0,2.24,3.611546110203004,50
62dc761564191bc28a87e7c7,5.0,,-3.0,-5.0,,3.0,,,3.0,,,3.0,,-3.0,,,-5.0,3.0,1.0,,,,,-1.0,,,1.0,,-5.0,-5.0,-3.0,,-5.0,-1.0,,-5.0,,-1.0,,-5.0,,,,,,-5.0,,,3.0,-5.0,-5.0,-3.0,-3.0,,-5.0,1.0,,1.0,,5.0,-5.0,5.0,-3.0,-5.0,,5.0,-5.0,-1.0,-1.0,,,,,,,,,,5.0,,-3.0,-5.0,,,-1.0,1.0,,,,,-5.0,5.0,-3.0,,,-3.0,5.0,,5.0,1.0,-1.04,3.735980596899315,50
5fee6bfd99e7cf16b867b447,,-3.0,-1.0,-5.0,-3.0,,,,-1.0,-5.0,,,1.0,,,,-5.0,,,1.0,,-1.0,,1.0,,-3.0,,,3.0,-5.0,,,-5.0,,,-3.0,,,-1.0,,-5.0,-1.0,,,1.0,-1.0,,,,-5.0,-3.0,,-3.0,,,1.0,1.0,1.0,,3.0,-1.0,,-5.0,-5.0,,,-1.0,5.0,-1.0,,-1.0,,,-3.0,3.0,1.0,-1.0,,-1.0,,-5.0,,5.0,-5.0,-1.0,3.0,,,,3.0,,3.0,,,,,3.0,1.0,-1.0,,-1.0,2.9416086117105715,50
5c095c8a217d6000011193b8,,,5.0,-5.0,5.0,3.0,5.0,3.0,5.0,-1.0,3.0,,,,,3.0,,5.0,-1.0,,,,,,3.0,,-1.0,,,,3.0,-1.0,5.0,5.0,-3.0,,1.0,1.0,,-1.0,,3.0,,3.0,,-1.0,,,,,-5.0,,,,,1.0,5.0,1.0,3.0,5.0,,-3.0,3.0,,,,3.0,,5.0,3.0,,-3.0,,3.0,,,,3.0,,1.0,,,,3.0,,5.0,,3.0,-5.0,3.0,,,5.0,,,5.0,5.0,3.0,,,2.020408163265306,2.975523734840413,49
663b3c9c3b0c54e8355f0870,1.0,-1.0,3.0,,3.0,1.0,1.0,,1.0,,,,,1.0,1.0,1.0,,3.0,,3.0,-1.0,1.0,1.0,,1.0,-1.0,,,1.0,1.0,,,1.0,,3.0,,1.0,1.0,,3.0,,,1.0,3.0,1.0,-1.0,,,1.0,1.0,,,,,3.0,,3.0,1.0,,,1.0,,,,1.0,,,3.0,-1.0,1.0,,1.0,1.0,3.0,,,,,1.0,,,1.0,,,,3.0,3.0,,,,,1.0,1.0,,,1.0,1.0,,,3.0,1.36,1.1911236334671904,50
66c56756f4458b3bf47ef376,5.0,3.0,,,,3.0,1.0,-3.0,3.0,1.0,,5.0,5.0,,-3.0,,-1.0,,,3.0,-1.0,,1.0,,1.0,1.0,,,3.0,,,5.0,5.0,,,3.0,,,,,3.0,,,,3.0,,5.0,3.0,-1.0,,,-1.0,5.0,,1.0,5.0,,,,,,,3.0,-1.0,3.0,,3.0,,3.0,,-1.0,,5.0,,5.0,5.0,,,,5.0,5.0,3.0,1.0,,3.0,,3.0,,-1.0,,5.0,3.0,,3.0,5.0,,,,,5.0,2.56,2.3313305301514684,50
576b44b2811f2500014b2c72,,,5.0,,,,,,5.0,,1.0,1.0,1.0,,,,1.0,,,,,,,5.0,,,3.0,5.0,-3.0,,-1.0,,-1.0,5.0,,-1.0,,,-5.0,,-5.0,5.0,,5.0,,-5.0,-3.0,5.0,,,-3.0,5.0,1.0,-1.0,,,,,1.0,5.0,,3.0,,-3.0,,5.0,,5.0,-1.0,1.0,-5.0,,,,5.0,5.0,-1.0,,,,-3.0,-1.0,-5.0,1.0,5.0,,,,,3.0,5.0,5.0,-1.0,-1.0,1.0,,,-1.0,5.0,,1.16,3.4955365124976283,50
663f6c4016f7bacf9bb68027,,,1.0,-1.0,,1.0,,3.0,3.0,1.0,1.0,3.0,,3.0,,,,1.0,1.0,,,3.0,,1.0,,,1.0,3.0,-1.0,-1.0,,1.0,-1.0,1.0,3.0,-1.0,1.0,,1.0,,,,1.0,3.0,,,,,,,,,3.0,-5.0,3.0,-1.0,,,,3.0,1.0,,1.0,,,3.0,3.0,3.0,1.0,3.0,,,,,,,-3.0,1.0,3.0,,3.0,-1.0,,,,,1.0,3.0,,1.0,,,-3.0,-1.0,,,,,-1.0,1.0,1.08,1.8934904600892448,50
63614899ad49a91f1ef09067,,-1.0,,,3.0,,3.0,,5.0,,,,1.0,1.0,,1.0,,,1.0,-1.0,-1.0,,3.0,3.0,-1.0,1.0,,5.0,,,,,-1.0,,,,3.0,,,1.0,,5.0,1.0,,1.0,-3.0,,-1.0,,-1.0,-1.0,3.0,,-1.0,,,-1.0,,1.0,,,3.0,,-3.0,3.0,5.0,,3.0,1.0,,-3.0,-1.0,,-1.0,5.0,3.0,1.0,-1.0,,1.0,,,1.0,3.0,3.0,1.0,,5.0,,,,,,,3.0,,,,5.0,,1.32,2.298535469842145,50
663b8df565dd08db10006c4e,5.0,,5.0,-5.0,5.0,,5.0,,5.0,,,,5.0,,,,,5.0,,1.0,-5.0,1.0,5.0,,3.0,-1.0,3.0,5.0,,-5.0,-1.0,-1.0,-1.0,5.0,,,,-3.0,-5.0,1.0,3.0,-1.0,,,5.0,,3.0,,,5.0,-3.0,,,,-5.0,,,,,5.0,,,1.0,,,,,5.0,5.0,5.0,-5.0,-5.0,1.0,,,5.0,,1.0,,,,,5.0,,-5.0,,,5.0,,,1.0,5.0,3.0,-1.0,,5.0,,,5.0,,1.6,3.77424137532083,50
59ea48b7be399f0001e4a178,-5.0,-5.0,,-5.0,,-5.0,,3.0,-5.0,,,,,-5.0,-5.0,,-5.0,,-5.0,,,-5.0,,,,,,,-5.0,-5.0,-5.0,,-5.0,,-5.0,-5.0,,-5.0,3.0,,-5.0,,,-5.0,,-5.0,-5.0,-5.0,1.0,,,,,-5.0,,,-5.0,-5.0,-5.0,,-5.0,3.0,,3.0,1.0,-5.0,-5.0,,1.0,,,,-5.0,,-5.0,,-5.0,,-5.0,-5.0,,-5.0,,,,,,,-5.0,3.0,-5.0,-5.0,,,,-5.0,3.0,-5.0,,5.0,-3.48,3.118345977061087,50
66329767cb85e95a0d3d9d55,,,,,,,,,-1.0,,-1.0,1.0,,,1.0,-3.0,,,,,,,3.0,1.0,-1.0,-1.0,1.0,,,,,1.0,-1.0,,-1.0,3.0,,1.0,,-1.0,1.0,,,-3.0,,-3.0,1.0,,,-3.0,,,,-3.0,-1.0,,1.0,,1.0,,-3.0,-1.0,1.0,-3.0,,3.0,3.0,,-1.0,,-3.0,,3.0,3.0,,3.0,-3.0,-3.0,-1.0,1.0,,-1.0,,,,1.0,,1.0,-1.0,3.0,,1.0,-3.0,-1.0,,,,-1.0,,5.0,-0.08,2.146092795224448,50
660d9c69e00c5f367a748669,5.0,,3.0,-5.0,,3.0,1.0,-1.0,1.0,-5.0,,,5.0,-1.0,1.0,-3.0,-1.0,3.0,-1.0,,-1.0,3.0,,,,,5.0,,,1.0,1.0,,-5.0,5.0,,,,,,,,3.0,1.0,,1.0,,1.0,1.0,3.0,1.0,3.0,3.0,,,,5.0,,1.0,3.0,3.0,,,,,,,,,-5.0,5.0,3.0,,,,5.0,,,,,,1.0,1.0,3.0,-3.0,,,-1.0,,-1.0,,,5.0,,,3.0,1.0,5.0,,5.0,,1.4,2.8855728395320224,50
66a77f3e0b1e5b1186554e27,3.0,,3.0,,5.0,,3.0,,3.0,5.0,,5.0,,3.0,3.0,3.0,,,,,,,5.0,3.0,3.0,,,,,,,5.0,5.0,,3.0,,3.0,3.0,,,,,1.0,5.0,,,3.0,,,3.0,5.0,3.0,,3.0,,,,,,5.0,,3.0,3.0,3.0,5.0,3.0,3.0,,3.0,3.0,3.0,3.0,3.0,,,,,3.0,,3.0,3.0,3.0,,5.0,,5.0,3.0,3.0,3.0,,3.0,,3.0,3.0,,,,3.0,,,3.44,0.929340340988034,50
62c5fbbb796500bb5406d772,,-1.0,,1.0,,,,,5.0,,-3.0,5.0,5.0,,,,,,1.0,,5.0,,3.0,1.0,-1.0,1.0,,5.0,,,,5.0,-1.0,5.0,5.0,3.0,,,3.0,3.0,,5.0,1.0,,,,5.0,,3.0,,1.0,1.0,,,5.0,1.0,,,,5.0,,3.0,5.0,-1.0,5.0,,5.0,,1.0,,-1.0,,,,5.0,1.0,,-3.0,,,,1.0,3.0,,3.0,3.0,,,,,,3.0,,,3.0,,5.0,5.0,5.0,5.0,2.7142857142857144,2.3804761428476167,49
5c2dea19d396500001e2b39d,5.0,,,,5.0,,3.0,,5.0,-5.0,,,5.0,,5.0,,-1.0,5.0,-1.0,,,,5.0,,1.0,,-1.0,-1.0,,-5.0,,1.0,-1.0,,,5.0,5.0,-1.0,5.0,,5.0,5.0,,,,,5.0,5.0,-3.0,-5.0,,,,,-1.0,-3.0,,5.0,,,-5.0,,-3.0,-3.0,5.0,,,,-1.0,,,,,3.0,,3.0,-3.0,,-1.0,,1.0,,5.0,5.0,,5.0,-3.0,5.0,,5.0,-3.0,,,,5.0,5.0,,,,5.0,1.64,3.6909154884468895,50
6643415888ef07b2fb48e9be,,,5.0,-5.0,1.0,,,,5.0,-5.0,,5.0,5.0,,-5.0,,3.0,,,5.0,-5.0,,,,,-3.0,-1.0,5.0,,-5.0,,,5.0,5.0,,,,5.0,,-5.0,-5.0,,1.0,,,-1.0,,1.0,,-5.0,-5.0,,1.0,,3.0,,,5.0,-1.0,5.0,-1.0,3.0,,-5.0,,,,,5.0,5.0,,-5.0,,,,5.0,-5.0,,-3.0,,,5.0,,,,5.0,5.0,5.0,,5.0,,5.0,,3.0,,5.0,5.0,,5.0,5.0,1.32,4.225481496533978,50
545f1e11fdf99b3156e7588b,3.0,,-1.0,,,,,,-1.0,-3.0,-3.0,-1.0,1.0,,-3.0,-1.0,-3.0,,-3.0,,-3.0,,,,,,,,-3.0,-3.0,,-1.0,-3.0,,,,-1.0,-1.0,-1.0,,,,,-3.0,3.0,,1.0,-1.0,3.0,-3.0,-1.0,-3.0,5.0,,,1.0,,,-1.0,,,-1.0,-3.0,,,,,1.0,-1.0,,,1.0,,-3.0,,,,,,-3.0,-1.0,1.0,3.0,,1.0,-1.0,,,,-1.0,,,-3.0,-3.0,1.0,-3.0,5.0,,-3.0,1.0,-0.84,2.243903304693927,50
5bed01c8306ec30001fb80e2,,-5.0,,-3.0,5.0,5.0,-1.0,-5.0,-3.0,3.0,,,1.0,,,,,,,3.0,-5.0,,,5.0,,,,-3.0,-1.0,-5.0,,,-5.0,,,,3.0,1.0,-1.0,,3.0,5.0,,,5.0,-5.0,,,3.0,,1.0,,5.0,,,3.0,,3.0,5.0,,-5.0,,,-5.0,5.0,5.0,,5.0,1.0,1.0,,-1.0,,,,5.0,-1.0,,,,1.0,3.0,,,5.0,5.0,-1.0,,-1.0,,1.0,,,,,-5.0,5.0,-5.0,,5.0,0.8,3.795808644453264,50
65087d8f2ba136783598dcc8,,,1.0,,3.0,,1.0,,3.0,,1.0,3.0,,,,,1.0,3.0,,,,,3.0,3.0,-1.0,1.0,,3.0,-1.0,1.0,,,1.0,5.0,,,,3.0,1.0,,1.0,,1.0,3.0,3.0,,,,,,-1.0,3.0,,,,3.0,1.0,,,5.0,-5.0,3.0,3.0,-3.0,1.0,3.0,3.0,,1.0,,,-3.0,,3.0,3.0,,-3.0,,3.0,1.0,1.0,,,1.0,3.0,,1.0,1.0,,,,,1.0,1.0,,3.0,,,,,1.52,2.0126132874692937,50
62dc65fdd3bbfeff289f1500,5.0,,,-1.0,5.0,,,,5.0,5.0,1.0,5.0,5.0,,,,5.0,,-1.0,,,5.0,,,,5.0,5.0,5.0,,,,5.0,3.0,,5.0,5.0,5.0,,,3.0,,5.0,1.0,,5.0,,,,5.0,-3.0,,,,-3.0,5.0,,3.0,,,1.0,-5.0,1.0,,,,,5.0,5.0,3.0,,,,5.0,,5.0,5.0,-3.0,,5.0,5.0,5.0,,,5.0,5.0,3.0,5.0,5.0,-3.0,,,5.0,,,,,5.0,3.0,,,3.36,2.7903624225142494,50
65cb87707e7981c7adaf9d14,3.0,3.0,5.0,,,5.0,,,-1.0,-3.0,-1.0,1.0,3.0,5.0,5.0,1.0,-1.0,3.0,3.0,,-3.0,,1.0,,-3.0,1.0,3.0,5.0,-1.0,,1.0,,1.0,,-3.0,3.0,3.0,,,,,,-1.0,1.0,,,,,,,,1.0,3.0,3.0,,,5.0,3.0,,,,,1.0,,3.0,,3.0,-1.0,3.0,,,3.0,,-3.0,,,,,5.0,,,,,3.0,1.0,,,3.0,,3.0,3.0,,,1.0,3.0,,,,,,1.7346938775510203,2.3697354828130925,49
63bc9e8cd8106f8d94c636d4,3.0,1.0,,,,1.0,5.0,3.0,5.0,,1.0,,,1.0,,-1.0,,5.0,3.0,,,3.0,5.0,3.0,-1.0,,,,-3.0,,3.0,3.0,1.0,,3.0,1.0,,,3.0,,,5.0,,,-3.0,,5.0,,3.0,,,3.0,,-3.0,5.0,5.0,-1.0,,,,,,3.0,,3.0,5.0,1.0,5.0,3.0,,-5.0,,3.0,5.0,3.0,,,-1.0,,1.0,3.0,,5.0,,5.0,,,,5.0,,,,-1.0,,3.0,,,3.0,,,2.32,2.5430176514350435,50
614f89a9441723072040d4de,,,,1.0,5.0,3.0,3.0,3.0,3.0,3.0,,,5.0,,-3.0,3.0,3.0,,,-3.0,,,,1.0,,,3.0,,,,-3.0,3.0,3.0,,,,3.0,3.0,1.0,,,,,,,,3.0,,5.0,,-3.0,3.0,5.0,1.0,5.0,,,3.0,,,,,,-1.0,,,,,5.0,5.0,-5.0,,-1.0,1.0,5.0,1.0,1.0,-1.0,5.0,,3.0,,1.0,3.0,,,-1.0,,1.0,,,3.0,1.0,,3.0,,5.0,,5.0,5.0,2.12,2.5606121717037804,50
5a94ca1a873cda0001dc7147,,,,,,3.0,3.0,,5.0,,,,,,5.0,,1.0,,1.0,5.0,,3.0,3.0,5.0,,5.0,,,-3.0,1.0,3.0,,3.0,5.0,3.0,5.0,3.0,-1.0,,,3.0,,1.0,,3.0,3.0,-1.0,-1.0,,,1.0,,,3.0,,5.0,,,5.0,,,5.0,,3.0,3.0,5.0,5.0,,1.0,3.0,,-1.0,,3.0,5.0,-1.0,,3.0,,,1.0,,5.0,,,5.0,,5.0,,,3.0,5.0,,,5.0,,,5.0,,,2.96,2.1185285613619,50
6686b4ce7124cd0b5d88857c,,,,,,,,,5.0,-5.0,-3.0,-1.0,,,-3.0,-3.0,3.0,,,-3.0,,5.0,,5.0,,,,,,,,3.0,-3.0,5.0,,,5.0,,1.0,-3.0,,,-1.0,,,,-1.0,-5.0,1.0,3.0,,5.0,5.0,,3.0,1.0,,1.0,,5.0,5.0,5.0,,,,,,,5.0,5.0,-5.0,,5.0,5.0,3.0,,,1.0,3.0,3.0,5.0,,5.0,-3.0,,-1.0,5.0,,5.0,,,3.0,-5.0,,5.0,,-3.0,-3.0,5.0,,1.56,3.614935006613648,50
5e1d70edd727e90dea42d137,1.0,,-1.0,-5.0,3.0,,,,3.0,,1.0,,1.0,,,1.0,,3.0,-5.0,,-5.0,,,1.0,-5.0,,1.0,3.0,,-5.0,,,-5.0,3.0,-5.0,,3.0,,,-3.0,1.0,1.0,-5.0,,1.0,-5.0,,,,-5.0,,3.0,,-5.0,,3.0,1.0,,-5.0,,-5.0,,,-1.0,-1.0,,,-3.0,-5.0,3.0,-5.0,-3.0,3.0,1.0,1.0,3.0,,-1.0,-5.0,,,,,-1.0,3.0,,,,,,,3.0,,-5.0,,,,,,,-0.96,3.3194540982221885,50
5a93bb216475f900019fa294,,,3.0,-3.0,,5.0,,5.0,-5.0,-1.0,,1.0,,5.0,,-3.0,-3.0,,-1.0,,,5.0,,,,-3.0,-1.0,5.0,,,-5.0,,-1.0,5.0,-5.0,,1.0,,,-5.0,,,,,,,1.0,-3.0,1.0,,-3.0,-5.0,1.0,,,-1.0,,,5.0,,-5.0,,-1.0,-1.0,,,,5.0,3.0,5.0,,-5.0,,,,5.0,1.0,,-5.0,1.0,,-3.0,,5.0,,3.0,1.0,,,,,5.0,,-3.0,5.0,5.0,5.0,,,5.0,0.52,3.780940386211032,50
657ad57e01c74d995e584ec5,5.0,-5.0,,,,-1.0,-5.0,,-1.0,-5.0,,,1.0,3.0,1.0,,-5.0,3.0,-5.0,-5.0,-5.0,-5.0,5.0,,,,-3.0,5.0,-5.0,,-5.0,-5.0,-5.0,,,,,1.0,1.0,-3.0,1.0,-5.0,,,,,,-5.0,-1.0,,,-5.0,5.0,-3.0,,-1.0,,,,,,-5.0,,,-1.0,,,,-5.0,3.0,-5.0,1.0,,-3.0,3.0,,,-5.0,-5.0,,,,-1.0,,3.0,1.0,1.0,3.0,,,,3.0,1.0,,,,,,,,-1.36,3.561471835162123,50
66d1c79f00313b08b2288470,5.0,1.0,,3.0,,1.0,5.0,-3.0,1.0,,,,,,1.0,5.0,,1.0,1.0,3.0,3.0,,-1.0,,3.0,,,,-3.0,,3.0,,3.0,5.0,,-3.0,,3.0,5.0,,1.0,,,-3.0,,,5.0,-1.0,,,1.0,,1.0,1.0,,,,,3.0,,,,,-1.0,,-1.0,3.0,,5.0,,1.0,3.0,,5.0,,,3.0,3.0,5.0,,,3.0,5.0,,3.0,5.0,,,,,5.0,,5.0,3.0,5.0,3.0,,,-3.0,,2.2,2.523360247522242,50
66d1c62a6b6097325ece5c4c,3.0,3.0,,,1.0,,-1.0,1.0,-1.0,,-3.0,-1.0,1.0,,-1.0,,1.0,3.0,3.0,1.0,,,,,,,,,,-1.0,1.0,3.0,3.0,-1.0,,,,-1.0,3.0,,1.0,3.0,-1.0,-1.0,-1.0,,,,1.0,3.0,1.0,-1.0,,,,,3.0,,-1.0,,3.0,,,,-1.0,1.0,,,3.0,,-1.0,3.0,3.0,,,1.0,,,,1.0,1.0,,,3.0,1.0,,,3.0,,3.0,1.0,1.0,,1.0,,1.0,,,,,1.04,1.6898254951567138,50
669036ec04e2d3a5271a5c9d,5.0,1.0,5.0,,5.0,,,,5.0,,3.0,,5.0,3.0,1.0,1.0,,5.0,3.0,,-1.0,5.0,5.0,,3.0,,,,,,,5.0,1.0,,,,,,3.0,,1.0,5.0,,5.0,,3.0,,,-5.0,1.0,,1.0,,1.0,,,,,,,-1.0,,3.0,,5.0,5.0,5.0,5.0,3.0,5.0,1.0,,,,,,,1.0,,,5.0,,,,3.0,5.0,3.0,,1.0,5.0,5.0,5.0,3.0,1.0,,5.0,5.0,,5.0,,3.16,2.2072237618089106,50
66ba9cd5343e159bdc8691ad,5.0,,,-1.0,,,,3.0,5.0,-3.0,,3.0,5.0,,,,1.0,,,1.0,,,,3.0,,3.0,5.0,5.0,5.0,,1.0,,1.0,,5.0,,,5.0,,-1.0,,,,,3.0,1.0,1.0,,5.0,,1.0,,5.0,,3.0,5.0,3.0,5.0,5.0,5.0,3.0,1.0,,3.0,3.0,,,,1.0,,,,3.0,5.0,,,1.0,-3.0,5.0,5.0,,5.0,3.0,5.0,,,,5.0,3.0,,,,,,3.0,,,,5.0,5.0,3.08,2.174434010336051,50
5bae077b542eed0001384369,5.0,3.0,,,5.0,,5.0,,5.0,,-5.0,,,,1.0,,,5.0,,-1.0,,,,5.0,-3.0,,,,3.0,-3.0,,5.0,3.0,,,5.0,,3.0,1.0,,1.0,5.0,1.0,5.0,5.0,-5.0,,,,-1.0,,,,-1.0,5.0,,5.0,5.0,,5.0,,1.0,,1.0,3.0,5.0,3.0,,5.0,,-3.0,,1.0,3.0,5.0,,,,,,5.0,,1.0,,5.0,,,5.0,-1.0,5.0,1.0,,1.0,,,,,3.0,5.0,,2.52,2.9293727126802964,50
633897629c2d1bbec55c547a,,,,,-3.0,-1.0,,-3.0,-1.0,,-5.0,,,-3.0,,1.0,-5.0,1.0,,,,-3.0,,-3.0,,1.0,,,,,-3.0,-1.0,-5.0,,1.0,,,,,-1.0,,-1.0,-3.0,1.0,3.0,-3.0,,,3.0,-1.0,,,,,-1.0,3.0,3.0,,-3.0,1.0,-3.0,,-5.0,,-1.0,,,5.0,1.0,-3.0,-5.0,-5.0,,,-3.0,,,,,1.0,,,,1.0,,,-1.0,,,-1.0,-1.0,-3.0,,-1.0,-1.0,-3.0,3.0,-3.0,,1.0,-1.16,2.5181788041749376,50
66003348c4bfdd2c0de7ca50,,,,-3.0,,1.0,,,3.0,,,,,1.0,,-1.0,,,-1.0,5.0,,1.0,,,1.0,3.0,,,-5.0,,,5.0,3.0,3.0,5.0,5.0,,,,-3.0,,5.0,,,5.0,-5.0,-1.0,,1.0,-1.0,,,3.0,,5.0,,,,,5.0,,,-1.0,-3.0,5.0,,,,1.0,,-5.0,-1.0,-1.0,-1.0,3.0,,5.0,-3.0,5.0,,,-1.0,,,,3.0,1.0,5.0,,5.0,5.0,,,,3.0,3.0,3.0,-1.0,3.0,5.0,1.56,3.13088629298348,50
651086350ae1352d3dc86754,,5.0,5.0,-5.0,1.0,,,,5.0,3.0,,-5.0,,5.0,,,3.0,3.0,-3.0,-5.0,,,1.0,,,-3.0,,5.0,,-5.0,-5.0,3.0,-1.0,5.0,,5.0,,-5.0,,3.0,,5.0,-3.0,,,,,,,,-5.0,3.0,-5.0,-5.0,,-3.0,,5.0,-3.0,,,5.0,,,,,5.0,5.0,-5.0,5.0,,1.0,,,5.0,,,,,,,-5.0,,-5.0,,3.0,,3.0,,5.0,-5.0,5.0,-1.0,,,-3.0,,3.0,5.0,,0.6,4.2185208743524,50
60787d3b6c8e7d79be863c51,5.0,-5.0,3.0,,,,,,5.0,,-3.0,5.0,5.0,-1.0,5.0,,,-1.0,,,-5.0,5.0,3.0,,-5.0,1.0,,3.0,-3.0,-1.0,,,-1.0,,3.0,-1.0,,,-3.0,-1.0,3.0,,3.0,3.0,,-3.0,,1.0,,,,,,,,1.0,1.0,,3.0,5.0,-5.0,1.0,1.0,,,5.0,3.0,1.0,1.0,,,,,,,5.0,-1.0,-3.0,,,3.0,1.0,,,-3.0,3.0,,,,,,3.0,-1.0,-1.0,,,,3.0,,,0.92,3.1025993052567378,50
645d0cb1881552d9f9e509dc,,1.0,5.0,-5.0,5.0,5.0,1.0,-3.0,3.0,-1.0,,,,1.0,,,,5.0,,1.0,-3.0,,5.0,3.0,3.0,,,,,3.0,5.0,,5.0,5.0,,,,-1.0,,-5.0,3.0,3.0,-5.0,,,5.0,,,,,,5.0,,5.0,-5.0,,3.0,5.0,,5.0,,5.0,,1.0,,5.0,-3.0,,1.0,5.0,5.0,,5.0,,5.0,5.0,3.0,,,,3.0,,,1.0,,,,1.0,-5.0,,5.0,5.0,3.0,,,,,,,,2.24,3.35370644791334,50
631b428359f449b8159625f8,5.0,-1.0,-1.0,,,1.0,1.0,-1.0,5.0,,,5.0,5.0,1.0,1.0,,,,,,,,5.0,5.0,1.0,,5.0,5.0,-1.0,-3.0,,,1.0,5.0,,,3.0,,-1.0,,3.0,,,-1.0,,-1.0,1.0,1.0,,,-1.0,1.0,3.0,3.0,,1.0,,5.0,,,,,5.0,-5.0,1.0,,,,3.0,5.0,,,3.0,5.0,,3.0,,-3.0,5.0,,,-3.0,1.0,,,,,,1.0,3.0,,,,,,5.0,,,5.0,5.0,2.0,2.747912008810192,50
62732854d22b38dbdae3ef9c,5.0,,5.0,,,,5.0,-1.0,5.0,3.0,-3.0,,3.0,,,,,,1.0,5.0,,,5.0,,3.0,,5.0,5.0,-3.0,1.0,,5.0,5.0,,3.0,,,3.0,1.0,,,,3.0,5.0,5.0,-3.0,5.0,-1.0,,-3.0,1.0,-1.0,5.0,,,1.0,3.0,,3.0,,-1.0,5.0,,1.0,3.0,,5.0,,5.0,,1.0,-1.0,,,5.0,,,,,,3.0,,1.0,,3.0,,3.0,,,,,1.0,,,,,,-1.0,,5.0,2.44,2.619861345450891,50
612bfa26437162073ed2077b,5.0,,5.0,,,5.0,5.0,1.0,5.0,1.0,3.0,3.0,,,,1.0,,3.0,,5.0,1.0,3.0,,,,,3.0,5.0,-1.0,5.0,5.0,,1.0,5.0,,,5.0,3.0,3.0,,,,,,,,,3.0,3.0,3.0,,,5.0,5.0,,,3.0,5.0,,,3.0,,,,,,,1.0,3.0,5.0,-1.0,3.0,,,3.0,1.0,3.0,,3.0,3.0,,3.0,,3.0,,3.0,,,5.0,3.0,,,5.0,,,,,5.0,3.0,,3.28,1.616749068662298,50
5ef11899b242da1e73a5b1e4,,-3.0,,,,5.0,3.0,1.0,5.0,1.0,,5.0,,1.0,3.0,,,,,5.0,,1.0,5.0,,,3.0,,5.0,-3.0,,-1.0,,-3.0,,,-3.0,,5.0,-3.0,,3.0,5.0,,-3.0,,,,,,,5.0,,3.0,,5.0,,3.0,,3.0,5.0,,1.0,,,,5.0,5.0,5.0,-3.0,,,,,,,,1.0,,5.0,3.0,,-1.0,,,,-1.0,3.0,5.0,3.0,,3.0,,3.0,,5.0,3.0,5.0,5.0,3.0,5.0,2.48,2.822938113355788,50
6642609fdd12bcf328f62bca,,-1.0,5.0,-1.0,,,,-1.0,1.0,,,,,1.0,,-3.0,1.0,,,1.0,-5.0,-1.0,,,,,,,-3.0,,1.0,5.0,3.0,5.0,-1.0,,,,,5.0,,,-3.0,,3.0,-5.0,1.0,1.0,3.0,,,3.0,5.0,-3.0,,,1.0,3.0,,5.0,,,,,,,3.0,5.0,1.0,1.0,-5.0,-3.0,3.0,,5.0,,,1.0,,1.0,,-3.0,-3.0,,,,,,-1.0,3.0,,-1.0,1.0,1.0,,,5.0,1.0,5.0,,0.92,2.995506839332836,50
614ef0f185fa0c76a6b17335,,,,-5.0,,,5.0,-5.0,5.0,-3.0,,3.0,,-3.0,,,-3.0,3.0,-3.0,,,,,5.0,1.0,-3.0,5.0,5.0,,1.0,,,-1.0,1.0,-3.0,5.0,5.0,,-5.0,-3.0,,,-3.0,,,,,,,,-5.0,,3.0,,-3.0,-3.0,-3.0,5.0,3.0,3.0,,-1.0,,1.0,,3.0,,,1.0,,,-3.0,5.0,,,,5.0,,-1.0,3.0,,1.0,-1.0,-1.0,,,5.0,5.0,,,,,,,3.0,5.0,,5.0,,5.0,0.88,3.577936926926077,50
61002fb2e81302c739846b2c,,-1.0,,-3.0,,1.0,,-5.0,3.0,,-3.0,,-1.0,,,,-1.0,5.0,-5.0,-3.0,-5.0,1.0,,,,-1.0,5.0,,-3.0,-3.0,-5.0,,-3.0,3.0,,3.0,-3.0,,-1.0,1.0,,,,-5.0,1.0,-5.0,,-5.0,1.0,,,,5.0,,-5.0,1.0,,1.0,,,-5.0,,,,,,,,-3.0,,,,,-3.0,3.0,-1.0,-5.0,,,,,,1.0,-3.0,-5.0,,,,,5.0,-5.0,-1.0,,,-3.0,-1.0,5.0,,3.0,5.0,-0.96,3.392428544357483,50
65c10d42d5c2debb4d480be6,-3.0,-1.0,,-5.0,,5.0,,-3.0,-3.0,,1.0,1.0,,-3.0,,,,,-5.0,1.0,,-3.0,,1.0,,-5.0,,,,,-1.0,-3.0,-1.0,,1.0,-3.0,5.0,,,3.0,,3.0,,3.0,,-3.0,,-5.0,3.0,,-3.0,,1.0,-1.0,-3.0,,,,-1.0,,,1.0,3.0,,,1.0,,3.0,3.0,,,,5.0,,,-3.0,,1.0,,,-5.0,,-3.0,,-1.0,-5.0,,,,1.0,3.0,,,,1.0,,3.0,-3.0,5.0,3.0,-0.28,3.097332624655463,50
616cda4e2f5f884cdd46b2eb,1.0,,,,,-3.0,,,-3.0,-3.0,,,1.0,,,3.0,-3.0,,-3.0,,-3.0,,,1.0,-3.0,,,,,,3.0,,-3.0,-1.0,-3.0,1.0,-3.0,-1.0,,,,5.0,,3.0,,,,-3.0,,,1.0,-1.0,-1.0,,1.0,-3.0,,,,3.0,-1.0,,-3.0,-1.0,1.0,,1.0,,1.0,-1.0,-3.0,,,-1.0,1.0,,,,,,,1.0,-1.0,3.0,,-1.0,,3.0,1.0,,1.0,,-3.0,-1.0,3.0,3.0,,1.0,-1.0,,-0.28,2.2771267251624314,50
6579d888be3ef8a0b19f098c,,,1.0,,5.0,,1.0,,3.0,-5.0,,,1.0,-5.0,-1.0,-5.0,-5.0,3.0,,-5.0,-5.0,1.0,5.0,,,,5.0,,-3.0,,-5.0,,-5.0,,,,1.0,1.0,,,-3.0,,,,5.0,-3.0,,-5.0,,-5.0,,,5.0,,,,-1.0,1.0,5.0,,-5.0,,,,,5.0,,5.0,-5.0,1.0,,-5.0,5.0,-1.0,,,3.0,-3.0,,1.0,3.0,,,-5.0,,,-5.0,1.0,-5.0,5.0,-3.0,,-1.0,-3.0,,,,,,,-0.6,3.875617133214439,50
66b4c443467fd940733ef183,,1.0,,,,,5.0,-1.0,1.0,-1.0,1.0,,,-3.0,3.0,,-3.0,,-3.0,,3.0,,3.0,,1.0,,3.0,3.0,-3.0,-1.0,3.0,,-3.0,,-3.0,-1.0,5.0,,3.0,1.0,1.0,,1.0,,3.0,,3.0,,3.0,,3.0,,5.0,1.0,,,,5.0,,,,,1.0,1.0,5.0,5.0,,,3.0,,,,,-3.0,,,1.0,,,,,,,-1.0,,1.0,,3.0,,,,5.0,,3.0,5.0,5.0,3.0,,5.0,-1.0,1.6,2.626396615835748,50
66575102dbca42e1e3d0f840,,3.0,3.0,3.0,3.0,,3.0,,3.0,,,3.0,,5.0,3.0,,,5.0,,3.0,,1.0,,1.0,,5.0,,3.0,3.0,-3.0,,3.0,-1.0,,,,,,1.0,1.0,1.0,3.0,1.0,,3.0,1.0,5.0,,-1.0,1.0,,,,3.0,,,5.0,5.0,3.0,,,,,1.0,,5.0,,1.0,1.0,,,3.0,5.0,,,3.0,3.0,3.0,3.0,1.0,3.0,,,,5.0,,,,,3.0,,,,,,,3.0,,,3.0,2.591836734693877,1.7310686408850988,49
63ea81807f06faf5d0a5d7fb,5.0,,,-1.0,5.0,5.0,,-1.0,1.0,,-1.0,,,,,-1.0,,,,,-1.0,3.0,,5.0,-1.0,,1.0,,-1.0,,-1.0,,-1.0,,1.0,,3.0,,,,-1.0,,,1.0,3.0,-1.0,1.0,1.0,,-5.0,,,,,1.0,,3.0,,5.0,5.0,-1.0,,1.0,-1.0,1.0,5.0,,,3.0,3.0,,3.0,,3.0,,,,,1.0,3.0,,,5.0,,3.0,,5.0,,1.0,,,,,1.0,5.0,,5.0,5.0,5.0,5.0,1.88,2.528531073124296,50
5ee38ef98c0c440172e022ac,,,5.0,-1.0,3.0,,,3.0,5.0,,3.0,5.0,,,,-3.0,,,,,,,,5.0,,3.0,,,,-5.0,,,3.0,5.0,1.0,5.0,5.0,,,,,,-1.0,5.0,1.0,3.0,5.0,,,-5.0,5.0,,,,,,5.0,5.0,5.0,5.0,5.0,,-5.0,,,5.0,5.0,3.0,5.0,,,,3.0,,,5.0,1.0,,,-1.0,3.0,5.0,,3.0,,,,,3.0,3.0,1.0,,,3.0,5.0,3.0,5.0,3.0,5.0,5.0,2.96,2.8136692580823266,50
663bfb2623da968e49f9b5a2,3.0,,1.0,,,-1.0,,,5.0,,,3.0,1.0,,-1.0,-1.0,,5.0,,,-1.0,1.0,5.0,1.0,,1.0,,,,,,,1.0,3.0,,3.0,,1.0,,,,3.0,,5.0,,1.0,,3.0,,-1.0,,3.0,,,1.0,5.0,3.0,,,5.0,1.0,3.0,,,,5.0,5.0,3.0,5.0,,-3.0,,1.0,,5.0,1.0,,1.0,1.0,3.0,-1.0,-1.0,3.0,,3.0,3.0,1.0,,3.0,5.0,3.0,,,,,,,,,,2.16,2.103058996523194,50
60baaa995c09d3162511871d,,-3.0,,-3.0,3.0,1.0,,-1.0,5.0,,-1.0,3.0,,-1.0,,1.0,-1.0,5.0,,,,5.0,,-1.0,,-1.0,1.0,,,,,,-3.0,5.0,,,5.0,,,5.0,3.0,1.0,,,,,,,1.0,,,,,1.0,-3.0,,,5.0,,5.0,,3.0,1.0,,,,,1.0,3.0,5.0,,,1.0,1.0,,5.0,-1.0,-3.0,5.0,1.0,,-5.0,,3.0,,,,5.0,-5.0,5.0,-1.0,,-1.0,-1.0,5.0,1.0,5.0,,,,1.4,3.023715784073818,50
668048bf23b961683549d089,,3.0,,-1.0,5.0,3.0,5.0,3.0,5.0,,-1.0,,,5.0,,,,,,3.0,,5.0,,,,,5.0,,,1.0,3.0,5.0,-1.0,5.0,3.0,5.0,5.0,3.0,5.0,5.0,,,3.0,,5.0,-3.0,,,,,,-5.0,5.0,,1.0,,5.0,,,5.0,,1.0,,,5.0,5.0,,,5.0,,,,3.0,,,,1.0,1.0,,5.0,,3.0,5.0,,1.0,,,5.0,,,5.0,,5.0,,5.0,5.0,5.0,5.0,5.0,,3.4,2.390457218668788,50
59f71f797086f80001941493,3.0,,3.0,,,,,,5.0,-1.0,,5.0,3.0,,-1.0,-1.0,-1.0,1.0,-1.0,,-3.0,,5.0,,-3.0,3.0,,1.0,-1.0,,,,-3.0,,,,,,,,1.0,,,1.0,,,1.0,-1.0,3.0,-3.0,-5.0,,,-3.0,,1.0,,3.0,5.0,,1.0,,1.0,,,,1.0,-1.0,-1.0,5.0,-3.0,-5.0,,3.0,5.0,3.0,,,-5.0,,1.0,,,5.0,,1.0,3.0,,-3.0,5.0,,1.0,,-3.0,,,,,,5.0,0.72,3.023985746646033,50
669aed56568d11bad784de3b,5.0,-1.0,1.0,,-1.0,3.0,,-1.0,5.0,,1.0,,1.0,,-3.0,,,,1.0,,-5.0,1.0,5.0,,,,3.0,,-5.0,-5.0,,,-1.0,5.0,,3.0,5.0,3.0,1.0,,,,,,5.0,-1.0,,3.0,,,,5.0,1.0,5.0,,5.0,,1.0,,,-1.0,,,-5.0,,,,,1.0,,-5.0,-3.0,-1.0,3.0,1.0,,1.0,,,,3.0,,-3.0,1.0,,,-1.0,5.0,,3.0,,,1.0,5.0,,5.0,,,,5.0,1.2,3.1879876577744857,50
6164d593d3783a588b11017b,,5.0,,-5.0,,5.0,,-5.0,5.0,,,,,5.0,,5.0,,,-5.0,,,-1.0,5.0,,1.0,,,5.0,,-5.0,,,-1.0,,,,5.0,5.0,5.0,-3.0,1.0,5.0,1.0,5.0,,,5.0,,,,,3.0,5.0,,,-5.0,,5.0,5.0,,3.0,1.0,5.0,-3.0,5.0,,5.0,5.0,3.0,5.0,-5.0,,,5.0,,5.0,-1.0,-3.0,,5.0,,-5.0,,1.0,,5.0,,,,,,5.0,,1.0,,,5.0,5.0,,,2.16,3.792366123718349,50
666b177e3c36514c396c8832,5.0,,-3.0,1.0,5.0,,5.0,1.0,3.0,3.0,-3.0,3.0,5.0,,3.0,,,,,1.0,1.0,,,5.0,,1.0,5.0,,-5.0,,-3.0,5.0,-5.0,5.0,-1.0,-1.0,,,,1.0,,,,,3.0,-3.0,3.0,1.0,5.0,-3.0,3.0,,,,,,,,,5.0,,5.0,,,,,,,3.0,,,,-1.0,,5.0,,,,5.0,3.0,,,3.0,,5.0,,5.0,5.0,1.0,5.0,,,3.0,,3.0,1.0,,,5.0,5.0,2.24,2.99359861254999,50
631f6e0b69d34cd131d923f8,,,-5.0,,5.0,3.0,,,5.0,,3.0,,3.0,,,-1.0,,,-5.0,,-3.0,3.0,1.0,,,-1.0,5.0,,,-1.0,,,1.0,,,,-5.0,,,,,5.0,,,,3.0,,3.0,3.0,-1.0,,3.0,,5.0,5.0,5.0,5.0,,5.0,1.0,-5.0,5.0,,3.0,,5.0,,5.0,5.0,,,-5.0,,-1.0,,,,,3.0,-1.0,5.0,5.0,,-3.0,1.0,,,,,,5.0,3.0,3.0,-3.0,3.0,5.0,,5.0,,5.0,1.96,3.386407403435212,50
65eba4518da362a6dcc2c3a1,5.0,,-3.0,-5.0,,5.0,,-3.0,3.0,,-5.0,,,,,,1.0,3.0,-5.0,-3.0,-5.0,,,3.0,,3.0,,,,-5.0,,,-5.0,-3.0,-3.0,,,3.0,,5.0,,,-1.0,,,,1.0,1.0,1.0,,,-1.0,,5.0,-3.0,,5.0,-3.0,,5.0,,,3.0,,1.0,5.0,,5.0,5.0,,-5.0,1.0,,-1.0,,5.0,,,,,3.0,,-1.0,-1.0,-3.0,,1.0,,-5.0,,1.0,5.0,,,3.0,,,5.0,5.0,,0.56,3.687596418663352,50
655cc974613aec120f21293b,,,,1.0,,,5.0,,5.0,3.0,,5.0,,5.0,,3.0,3.0,5.0,,5.0,,,,5.0,5.0,5.0,,,,,3.0,5.0,3.0,,5.0,,,,,3.0,,5.0,3.0,5.0,,,5.0,,5.0,5.0,3.0,,,,5.0,,5.0,,5.0,5.0,,5.0,3.0,,3.0,,3.0,3.0,3.0,5.0,,,,,,5.0,,5.0,5.0,3.0,,3.0,,,3.0,3.0,,,5.0,,5.0,5.0,,,5.0,,5.0,5.0,5.0,,4.24,1.0606120681868905,50
6362933cc15f7c71629efee1,,,,,5.0,,5.0,5.0,5.0,-3.0,,5.0,5.0,3.0,,,-1.0,,5.0,5.0,,,5.0,5.0,1.0,1.0,,,1.0,5.0,5.0,,1.0,5.0,5.0,5.0,,,-5.0,,5.0,5.0,,5.0,5.0,,,3.0,,,1.0,,5.0,,,5.0,5.0,,,5.0,-5.0,,5.0,,5.0,5.0,,5.0,5.0,,-5.0,,,5.0,,,,,5.0,1.0,,,,,1.0,5.0,,5.0,,5.0,,,,5.0,,,5.0,,,5.0,3.48,2.873098306280351,50
62aa28c1027ae7d68ef3571c,,5.0,5.0,,,5.0,,1.0,5.0,-3.0,,,3.0,,-3.0,,-3.0,,1.0,,1.0,,,,1.0,,5.0,,-5.0,,,5.0,-1.0,5.0,,3.0,,3.0,,-5.0,,5.0,,,5.0,,,,,1.0,-5.0,3.0,,-3.0,,3.0,,,3.0,,,-1.0,-3.0,,1.0,,,1.0,5.0,,1.0,-5.0,,-1.0,,,-3.0,,,3.0,,,5.0,,,1.0,3.0,5.0,1.0,5.0,3.0,,1.0,-1.0,,3.0,5.0,,5.0,,1.48,3.271646904754203,50
5c1a7844681a0600018e4d8d,3.0,3.0,,,3.0,,3.0,,5.0,3.0,,3.0,5.0,,,1.0,,1.0,,,1.0,3.0,,,5.0,5.0,,5.0,,,,1.0,1.0,5.0,,3.0,,,1.0,,1.0,3.0,,,3.0,,,1.0,,-1.0,,3.0,1.0,1.0,5.0,,3.0,3.0,,3.0,1.0,,,1.0,,3.0,3.0,,3.0,5.0,,1.0,,,,,3.0,,,,,1.0,1.0,,3.0,,3.0,3.0,,,3.0,,,1.0,,,5.0,,3.0,5.0,2.68,1.5311726865113444,50
66b8e1b9e960cb4198431db0,,3.0,5.0,,3.0,3.0,,,5.0,3.0,3.0,,5.0,5.0,-1.0,,,3.0,5.0,,3.0,3.0,5.0,1.0,5.0,5.0,5.0,,3.0,1.0,5.0,,3.0,,,5.0,,1.0,-3.0,,,,,,,,3.0,,,-1.0,,1.0,5.0,1.0,,,,3.0,,5.0,1.0,1.0,,,,,5.0,,3.0,5.0,,,,3.0,5.0,3.0,-3.0,3.0,,,,,3.0,,,1.0,1.0,,,5.0,,,,3.0,5.0,,,,,3.0,2.96,2.0796389011517538,50
64017b47c83e917541f7c592,5.0,-1.0,-1.0,,,,-3.0,,-1.0,-3.0,5.0,,,,1.0,,3.0,,-1.0,,-1.0,5.0,3.0,5.0,,,5.0,,-5.0,-3.0,,-5.0,-5.0,3.0,3.0,1.0,-3.0,,,,,,,,,3.0,,1.0,,1.0,1.0,,3.0,,,,3.0,,,5.0,,5.0,5.0,,5.0,,3.0,5.0,1.0,,,1.0,,,,5.0,5.0,,,,5.0,,,5.0,-1.0,,5.0,5.0,,3.0,,5.0,3.0,-1.0,,,5.0,5.0,,,1.96,3.187731584224309,50
650d966e4ea1f705e98fe6f3,,1.0,,-5.0,3.0,,,-3.0,-1.0,-5.0,-5.0,,,-1.0,,,,1.0,-5.0,-3.0,,,,1.0,-1.0,,-1.0,5.0,,-5.0,-1.0,,-5.0,5.0,-3.0,,,,,1.0,3.0,1.0,1.0,,3.0,,,,-1.0,,,1.0,5.0,,-1.0,3.0,,,,3.0,-5.0,,-3.0,,-1.0,,3.0,,3.0,5.0,,,-3.0,5.0,5.0,3.0,,-5.0,-3.0,,,,1.0,3.0,-5.0,-1.0,,,,,-1.0,3.0,,,,-3.0,,,,,-0.16,3.3341767640419957,50
669302cf3f9b60b7f57fe1eb,,,,1.0,5.0,-1.0,1.0,,5.0,-5.0,,5.0,3.0,5.0,,1.0,,5.0,,-1.0,,1.0,,,-3.0,3.0,,5.0,,,3.0,5.0,-3.0,,,5.0,,3.0,5.0,,3.0,,,1.0,,,-3.0,,,,,-1.0,,-1.0,5.0,5.0,,3.0,3.0,,,,,-5.0,,5.0,,,3.0,,-5.0,,,1.0,5.0,,,5.0,,-1.0,,3.0,5.0,,5.0,5.0,,,-5.0,,,,,3.0,5.0,3.0,,1.0,1.0,5.0,2.04,3.213237924459325,50
6413665e5dec6a98797ef5ab,3.0,-5.0,1.0,-5.0,,1.0,,-5.0,1.0,,-5.0,,,-5.0,-5.0,-1.0,1.0,,,,,1.0,,1.0,-1.0,,,3.0,-5.0,,,-5.0,-3.0,-3.0,-5.0,,3.0,,,,,,,,,-5.0,,,,-5.0,-5.0,,,-1.0,,-1.0,-5.0,,,,,-1.0,-3.0,-3.0,,,,,-3.0,1.0,-3.0,-3.0,,,-1.0,-3.0,-5.0,,,,-5.0,-5.0,-5.0,-5.0,,-3.0,,,,1.0,-5.0,-5.0,-5.0,,3.0,-1.0,,,3.0,,-2.32,2.8459781862717595,50
5dd33f6b2091e93579973754,5.0,,,,5.0,1.0,,-5.0,5.0,,-5.0,5.0,3.0,3.0,-3.0,,3.0,3.0,3.0,,,,5.0,,,,,5.0,-1.0,,,,1.0,5.0,,,,,,-1.0,3.0,,3.0,,5.0,-1.0,1.0,1.0,,3.0,1.0,,3.0,-3.0,3.0,,1.0,-3.0,,,,3.0,1.0,-5.0,3.0,,5.0,,1.0,5.0,,,1.0,3.0,,3.0,-1.0,,,,1.0,1.0,,,,,1.0,3.0,,,3.0,5.0,,,,,,,5.0,,1.84,2.83102346820916,50
65394a1487ee7f89125a1c67,3.0,,5.0,-5.0,,1.0,1.0,-1.0,3.0,,,,,,-1.0,,,3.0,,1.0,-3.0,5.0,,,-3.0,-1.0,1.0,5.0,,-3.0,,,1.0,3.0,,,,1.0,,-3.0,,3.0,1.0,,,,3.0,,-3.0,,,3.0,3.0,,3.0,,,3.0,3.0,,1.0,1.0,,-3.0,3.0,,-1.0,,3.0,3.0,,,1.0,,,,,-3.0,,,-1.0,-1.0,1.0,1.0,,,-5.0,5.0,-5.0,,1.0,3.0,,,,,3.0,3.0,,,0.84,2.7653836874429394,50
66816e03932eb7cb591a933b,,1.0,5.0,,,,-1.0,,5.0,,1.0,5.0,,-1.0,-5.0,-5.0,,3.0,,-5.0,,3.0,3.0,3.0,,3.0,,,-5.0,-5.0,,1.0,-1.0,3.0,,,5.0,,,-1.0,,,-1.0,1.0,,-5.0,3.0,-1.0,,,,3.0,5.0,1.0,5.0,5.0,,,,5.0,,,-1.0,,5.0,,,,1.0,,-5.0,-3.0,,,,,,,3.0,-3.0,5.0,,,-1.0,5.0,,,5.0,-3.0,,3.0,,3.0,1.0,5.0,,,,,5.0,1.16,3.4955365124976283,50
61021d1ed8573fa2e07871ec,,,-1.0,-3.0,5.0,-1.0,,,3.0,-5.0,,3.0,,,,,,,,-1.0,,-1.0,,,,1.0,-1.0,5.0,-1.0,,-3.0,3.0,-1.0,5.0,,,,,,,-1.0,5.0,-1.0,,,,,,-1.0,,-3.0,-1.0,3.0,,-1.0,,-1.0,1.0,,,-3.0,,,,3.0,5.0,3.0,,-1.0,3.0,,,-1.0,,3.0,,-1.0,-1.0,1.0,-1.0,-3.0,,,,-1.0,5.0,1.0,5.0,,3.0,,,-1.0,,,,3.0,-1.0,5.0,5.0,0.76,2.788899278151413,50
660c359b78f3257373d618de,,3.0,,,,,5.0,,5.0,-1.0,,,5.0,5.0,-1.0,,,,,,,5.0,5.0,,1.0,,5.0,5.0,-1.0,,5.0,5.0,3.0,,,5.0,5.0,,1.0,,5.0,5.0,,5.0,5.0,1.0,,,,5.0,-1.0,,,3.0,,3.0,3.0,,5.0,,-1.0,,,3.0,,5.0,5.0,,5.0,5.0,,,5.0,,5.0,,3.0,,5.0,3.0,5.0,,,,,3.0,,5.0,,5.0,5.0,,5.0,5.0,,,5.0,,,5.0,3.8,1.9794866372215745,50
66cea089dbff6a0f33e77e9c,,,,3.0,,,,,5.0,,1.0,3.0,5.0,,-3.0,5.0,,3.0,3.0,,,3.0,1.0,3.0,,,,5.0,1.0,,3.0,3.0,3.0,,,3.0,,1.0,5.0,3.0,,,,,-1.0,,,1.0,5.0,,,3.0,,-1.0,5.0,5.0,,,,5.0,,,5.0,5.0,,,,,3.0,1.0,3.0,,5.0,3.0,,3.0,3.0,5.0,,1.0,3.0,1.0,5.0,,5.0,,1.0,,3.0,,3.0,,3.0,1.0,,,,,,5.0,2.96,1.873118103209573,50
5e46d70ab1f1c5000d96800d,5.0,,,1.0,1.0,,3.0,,5.0,,1.0,,,5.0,1.0,1.0,,-1.0,1.0,1.0,-3.0,,,,3.0,1.0,3.0,,,3.0,,,-1.0,1.0,3.0,3.0,,,-1.0,3.0,,3.0,5.0,,3.0,-3.0,,-1.0,,,-3.0,,3.0,,,-1.0,,,,3.0,-3.0,,,1.0,,5.0,,,1.0,1.0,-3.0,,,1.0,,3.0,,,,,,,-1.0,1.0,3.0,,3.0,5.0,1.0,,,1.0,,,5.0,,5.0,5.0,,,1.64,2.405436020554193,50
63d13cb81a0a88a3ce29e33f,5.0,,,,5.0,,,-3.0,5.0,-3.0,-3.0,5.0,,3.0,,3.0,5.0,3.0,-1.0,,,,5.0,,,,5.0,3.0,,,-3.0,3.0,-3.0,,5.0,1.0,5.0,1.0,3.0,,,5.0,,,,,,5.0,,,,,,-3.0,3.0,,3.0,1.0,1.0,,,,,,5.0,5.0,3.0,,3.0,3.0,,,,-1.0,,3.0,,,,1.0,5.0,5.0,,,,3.0,,5.0,3.0,,3.0,3.0,,-1.0,5.0,3.0,,3.0,,5.0,2.56,2.6585249861607125,50
66bd405b2779396e45b338da,5.0,3.0,,,5.0,,5.0,,5.0,-3.0,,5.0,,,5.0,-3.0,3.0,5.0,,-1.0,,,,5.0,5.0,,,5.0,-1.0,,-3.0,5.0,-3.0,5.0,-1.0,5.0,,,5.0,3.0,1.0,,1.0,3.0,,,5.0,,,,,,5.0,,-1.0,,,-3.0,,,,5.0,5.0,,5.0,,3.0,,5.0,5.0,1.0,5.0,-1.0,,5.0,,-3.0,5.0,,,,3.0,,,,5.0,,5.0,,5.0,,,,,,5.0,5.0,,5.0,,2.96,2.955175328891637,50
66aa99907df1745fd0f40462,5.0,-5.0,-5.0,-5.0,5.0,5.0,5.0,-3.0,5.0,-5.0,-3.0,,,3.0,3.0,,,5.0,,,,,,5.0,,,5.0,5.0,,,-5.0,3.0,-5.0,,,,,,-3.0,,,5.0,-1.0,1.0,5.0,,,,,3.0,3.0,,5.0,1.0,,,,,3.0,1.0,-5.0,-1.0,5.0,5.0,5.0,5.0,,,5.0,5.0,1.0,3.0,,,,5.0,,1.0,,5.0,,,,-1.0,5.0,5.0,,,,,,,,1.0,5.0,1.0,,,,,1.92,3.6858250260218512,50
662a94bd827a5f8f446898e9,3.0,,5.0,,,-1.0,3.0,-3.0,3.0,,,3.0,3.0,3.0,,-3.0,3.0,3.0,-3.0,-5.0,,,3.0,,-3.0,,5.0,,,-3.0,-5.0,,-3.0,,,1.0,3.0,,,1.0,1.0,,,1.0,,-3.0,3.0,,,,1.0,,3.0,,3.0,3.0,-1.0,,,5.0,,,,,,,,3.0,-3.0,3.0,,,3.0,1.0,3.0,,,-5.0,,-3.0,,-3.0,,,3.0,,1.0,,-3.0,5.0,,-1.0,,,,3.0,3.0,,,5.0,0.88,3.061545561393754,50
6605ead02275ff3d41f389e2,,,,-1.0,,,,,5.0,-3.0,1.0,,,1.0,,1.0,3.0,,-1.0,,-1.0,3.0,,3.0,,1.0,3.0,,,-3.0,1.0,1.0,1.0,1.0,1.0,,3.0,,,,,3.0,1.0,3.0,,,,,1.0,-1.0,,3.0,3.0,1.0,3.0,,,,-1.0,5.0,-1.0,1.0,,1.0,3.0,,,,3.0,,-1.0,-1.0,1.0,,,3.0,,1.0,,,1.0,,,,,3.0,,1.0,,,-1.0,,1.0,1.0,3.0,,,3.0,,5.0,1.36,1.8818141485800128,50
664cd0f96e4b6f2e98b4ff03,3.0,3.0,,,5.0,,,,5.0,,1.0,5.0,,,-3.0,1.0,5.0,5.0,-3.0,5.0,,3.0,,5.0,,,5.0,5.0,,-5.0,,3.0,-5.0,5.0,,,5.0,-1.0,5.0,1.0,-3.0,,3.0,-1.0,-1.0,,-1.0,,,-3.0,-1.0,,,,,,,5.0,,,3.0,,5.0,5.0,3.0,,,3.0,-1.0,,-3.0,,3.0,-1.0,,,,,,3.0,3.0,5.0,,,,5.0,5.0,,-1.0,,-1.0,,,-1.0,5.0,,,,,,1.92,3.1869632401202166,50
61664d58d18ca2325a81008e,,,,-1.0,,,-1.0,-5.0,1.0,-1.0,,1.0,1.0,,,,-1.0,,-3.0,-3.0,-3.0,,,,,,,3.0,,,,,-3.0,,-3.0,-1.0,,,,-1.0,,5.0,-1.0,,-3.0,,,,-3.0,,-3.0,1.0,,,,1.0,1.0,,-1.0,3.0,,,-1.0,-1.0,5.0,3.0,-1.0,-1.0,-3.0,,-1.0,,-1.0,-1.0,,1.0,,,1.0,-3.0,-1.0,-1.0,-1.0,,,,,1.0,-1.0,,-1.0,,-3.0,1.0,,,3.0,-1.0,,5.0,-0.44,2.2871424109930856,50
62ba10d2cd9577af0d8744bb,,1.0,5.0,-3.0,,,,,5.0,,,,,,,1.0,,,,5.0,1.0,,3.0,1.0,-1.0,3.0,1.0,,,-3.0,5.0,,-1.0,,3.0,,5.0,-1.0,1.0,,,5.0,,5.0,,,,,3.0,1.0,,,,3.0,,5.0,,3.0,-3.0,5.0,-1.0,,5.0,,,5.0,,5.0,-1.0,,-3.0,-3.0,3.0,,,,,-5.0,5.0,3.0,,5.0,,5.0,,5.0,,,3.0,5.0,,,3.0,,1.0,5.0,3.0,,5.0,5.0,2.32,2.902778401631718,50
60b088283f529f44ae7ccd37,5.0,-1.0,3.0,-5.0,,,,,5.0,,,,,,-3.0,1.0,3.0,,,,,3.0,,1.0,-5.0,1.0,,,,,,1.0,-1.0,-1.0,-3.0,,-3.0,,-1.0,1.0,-1.0,-5.0,,-1.0,1.0,-5.0,-3.0,,3.0,-5.0,,,5.0,,,,,3.0,,,,-3.0,,,,,,-5.0,-3.0,5.0,,-5.0,,,5.0,,,3.0,,3.0,,,,1.0,-3.0,-5.0,5.0,5.0,-5.0,3.0,,1.0,,,,1.0,5.0,1.0,5.0,,0.1428571428571428,3.5355339059327373,49
663bb4b128454eaae0ce66a1,,,,-5.0,5.0,5.0,,-5.0,1.0,-5.0,,,,5.0,,,,,1.0,-1.0,,-1.0,,,,,3.0,5.0,,,,5.0,1.0,5.0,,,,,,,-5.0,5.0,-5.0,,5.0,,-1.0,3.0,1.0,-5.0,-5.0,5.0,5.0,,5.0,,5.0,5.0,,,,,,,5.0,5.0,-1.0,,5.0,,,,,-1.0,5.0,,-5.0,,5.0,1.0,,,,,5.0,,1.0,5.0,-5.0,5.0,,-1.0,,,5.0,1.0,5.0,5.0,5.0,5.0,1.84,3.8775123521165376,50
65ccf4a5042e1e6e55c7a5d7,5.0,-3.0,,,,,1.0,,-5.0,,1.0,1.0,-1.0,,5.0,-5.0,5.0,3.0,,,-5.0,,-3.0,1.0,-5.0,,,,,-5.0,-5.0,,-5.0,,-5.0,-1.0,-5.0,,-1.0,-1.0,,,,5.0,,-5.0,,,,-5.0,,,,1.0,,5.0,,,-5.0,5.0,-5.0,-3.0,,-5.0,,,,5.0,-5.0,,-5.0,-5.0,-5.0,,,-1.0,,-3.0,,,-3.0,-5.0,1.0,-5.0,,,,,-5.0,,1.0,5.0,,-1.0,3.0,-5.0,,,,,-1.56,3.7912896949481993,50
65ca661975a7293b28a6efab,,1.0,5.0,,,,,,5.0,,-5.0,5.0,5.0,1.0,,,,5.0,-3.0,,,,3.0,5.0,-5.0,-3.0,5.0,,5.0,,,3.0,5.0,5.0,5.0,,,,,5.0,,3.0,-1.0,,,-5.0,,-1.0,-3.0,,,-5.0,5.0,-5.0,,-3.0,5.0,,,5.0,-5.0,,-5.0,-5.0,,5.0,,5.0,5.0,,,,,1.0,,,,-5.0,,1.0,,,5.0,-3.0,3.0,5.0,1.0,5.0,,5.0,,-1.0,-5.0,3.0,,,,,,,1.24,4.0935987859593865,50
6168225aece426c90ad49ff1,3.0,,,,,1.0,5.0,3.0,1.0,,,3.0,3.0,,1.0,1.0,1.0,,,,3.0,1.0,3.0,,,-1.0,,,1.0,,,3.0,3.0,,,3.0,3.0,1.0,3.0,-1.0,,,3.0,3.0,3.0,1.0,3.0,3.0,3.0,,,3.0,,,,,1.0,3.0,3.0,,3.0,,,5.0,,3.0,,,5.0,3.0,,1.0,3.0,,5.0,,3.0,,3.0,,3.0,3.0,3.0,,,,,,,,,,,,1.0,,3.0,3.0,,5.0,2.56,1.3576690709161967,50
668ac157a0f86915fe5e5808,1.0,,,1.0,-1.0,5.0,1.0,,5.0,,1.0,,,1.0,,3.0,3.0,,,5.0,1.0,,3.0,,3.0,-1.0,5.0,,,,3.0,,1.0,3.0,,,,5.0,,,5.0,,3.0,3.0,,-1.0,3.0,,5.0,3.0,,,,,,,5.0,,,,,3.0,1.0,,,5.0,,,3.0,,-3.0,,1.0,3.0,3.0,3.0,1.0,3.0,3.0,1.0,3.0,,3.0,,5.0,,,1.0,1.0,,,1.0,,,5.0,3.0,,,,5.0,2.56,1.9076644551569828,50
668a7ab9be5eedd5c545f4e8,5.0,5.0,3.0,-3.0,1.0,1.0,,3.0,5.0,-5.0,1.0,,5.0,3.0,,,,,-1.0,,,,3.0,3.0,-3.0,,,,,1.0,,,3.0,5.0,,3.0,,,,,,,,5.0,,-3.0,,,-3.0,,,,,,5.0,3.0,3.0,,,,,,,-5.0,,,5.0,,1.0,5.0,,,,5.0,,3.0,-1.0,5.0,5.0,5.0,1.0,5.0,1.0,3.0,,1.0,5.0,,-3.0,,5.0,1.0,,3.0,,,5.0,1.0,5.0,5.0,2.28,2.962624319272164,50
5aee513f3606ab0001b92b29,,,,-3.0,5.0,,5.0,,5.0,,1.0,,,1.0,,,3.0,,3.0,,-1.0,3.0,,,,3.0,,,-1.0,,3.0,5.0,-3.0,,5.0,,5.0,5.0,,5.0,3.0,5.0,,,5.0,,5.0,1.0,5.0,3.0,3.0,3.0,5.0,-1.0,,,,5.0,5.0,,,5.0,,3.0,5.0,,,,5.0,,,,1.0,,5.0,5.0,,,,,5.0,5.0,3.0,,5.0,,,5.0,,5.0,,5.0,3.0,,5.0,-1.0,5.0,,,,3.4,2.2857142857142856,50
668edb3b608a3d4537e2da08,,,,,,,,-5.0,5.0,,,5.0,5.0,,,5.0,1.0,5.0,,5.0,-5.0,,,5.0,5.0,-5.0,-5.0,,5.0,,,,5.0,5.0,,5.0,,5.0,,,5.0,,-5.0,,,5.0,,-5.0,,5.0,5.0,,5.0,5.0,5.0,,,,-5.0,5.0,-5.0,5.0,5.0,,5.0,5.0,-5.0,,5.0,5.0,,-5.0,,5.0,,,5.0,5.0,5.0,,,,,,,5.0,5.0,,,,5.0,,,5.0,5.0,,,5.0,5.0,5.0,2.92,4.039801975344831,50
664644d0a094f232d121af39,3.0,,,-5.0,,5.0,,-5.0,1.0,,,,5.0,,,,1.0,,-5.0,,-5.0,,,,1.0,,3.0,-1.0,,,-5.0,,-5.0,,-3.0,1.0,,5.0,,,,3.0,,,-1.0,,,-3.0,-5.0,,,1.0,,,,,-5.0,5.0,1.0,,,-3.0,,-5.0,,3.0,3.0,5.0,-5.0,5.0,,,1.0,,3.0,,1.0,-3.0,,,,-3.0,1.0,,,-3.0,-1.0,,,3.0,,3.0,,,,1.0,5.0,5.0,,,0.0666666666666666,3.658116753442703,45
66b6cb18cc43c649a5917319,5.0,1.0,5.0,,,5.0,5.0,,5.0,1.0,,5.0,,,1.0,,,,,,,5.0,5.0,,,,,5.0,1.0,5.0,3.0,5.0,3.0,,5.0,,5.0,,3.0,5.0,,5.0,,5.0,5.0,,3.0,,,,1.0,5.0,5.0,,5.0,5.0,5.0,5.0,,5.0,,,,,,,,5.0,3.0,,-3.0,,5.0,,5.0,,1.0,,,,,,,3.0,5.0,5.0,,5.0,5.0,5.0,5.0,,1.0,1.0,,5.0,,,5.0,,3.96,1.8178255680670703,50
559c3b0efdf99b32b6963e81,,,,-3.0,,,1.0,,3.0,1.0,-5.0,,3.0,,,,1.0,1.0,,,-3.0,,,,,,,5.0,-1.0,,,,1.0,,1.0,5.0,-1.0,,,-3.0,1.0,3.0,,3.0,,,,-3.0,1.0,,-3.0,1.0,,-3.0,,1.0,3.0,,1.0,5.0,,,,-1.0,5.0,5.0,1.0,3.0,1.0,,-5.0,,-1.0,,,5.0,,,,-1.0,-1.0,-1.0,1.0,,,,,5.0,-3.0,,-3.0,,-5.0,-3.0,,-1.0,5.0,1.0,,5.0,0.56,3.0044864412258883,50
6681626264589a3dbb6f2551,,1.0,,-1.0,-1.0,,-1.0,,1.0,-1.0,1.0,,,,-1.0,,,3.0,,3.0,,,5.0,,,1.0,,1.0,-5.0,,,5.0,-1.0,,-3.0,,,1.0,-1.0,,-1.0,1.0,1.0,,1.0,3.0,1.0,-1.0,5.0,,,,5.0,-1.0,-1.0,,3.0,5.0,,,5.0,5.0,5.0,,,5.0,3.0,,1.0,5.0,,,-1.0,,,5.0,-3.0,,5.0,1.0,,,3.0,,,,,,,5.0,,,,-3.0,,,,5.0,5.0,,1.6122448979591837,2.804879130867409,49
5dee8ee31255595293a9906b,3.0,,3.0,,,1.0,,,3.0,1.0,,3.0,,1.0,1.0,3.0,,3.0,,-1.0,,,,-1.0,-1.0,,1.0,5.0,,,,1.0,-5.0,,5.0,,,3.0,-3.0,,,,3.0,,,1.0,3.0,,,-1.0,,3.0,5.0,,-1.0,-3.0,,3.0,,3.0,3.0,,1.0,,,5.0,,-3.0,1.0,,1.0,3.0,5.0,,,,-1.0,-5.0,3.0,3.0,,,,,,,,3.0,3.0,3.0,,,1.0,,,,3.0,3.0,3.0,3.0,1.6,2.466096643090295,50
66cc2205428c17bde1054397,,1.0,5.0,-3.0,5.0,3.0,5.0,-1.0,5.0,,,1.0,,,5.0,1.0,,,,,,-1.0,,1.0,,1.0,,5.0,,,,5.0,3.0,5.0,,,1.0,1.0,,1.0,3.0,3.0,,,5.0,,3.0,,,,,3.0,1.0,1.0,,,,,,,,1.0,-1.0,,,5.0,5.0,,3.0,5.0,,,3.0,,5.0,,-1.0,-1.0,,3.0,3.0,1.0,1.0,1.0,,,,,1.0,,5.0,,,3.0,5.0,,,5.0,5.0,5.0,2.6,2.2131333406899523,50
667c86aff3f5260903ac19a4,5.0,,3.0,-1.0,5.0,,,3.0,3.0,,,,,,5.0,,1.0,,1.0,3.0,5.0,5.0,5.0,,,5.0,5.0,5.0,,,-3.0,,-1.0,5.0,5.0,,3.0,1.0,-1.0,3.0,,5.0,5.0,5.0,5.0,1.0,5.0,3.0,,,,,-1.0,1.0,,3.0,5.0,,,,,,3.0,,,,5.0,,3.0,,1.0,1.0,,3.0,,5.0,1.0,,5.0,,,,,5.0,,5.0,3.0,,,,3.0,,,3.0,,,,,,,3.122448979591837,2.1372943669238342,49
609e15bbf246a639a4123518,3.0,,,-1.0,5.0,,1.0,3.0,3.0,3.0,,,,,-3.0,3.0,1.0,,,3.0,1.0,5.0,,,,,,3.0,,-3.0,1.0,,3.0,,,3.0,,3.0,,,1.0,3.0,,1.0,3.0,,3.0,3.0,,1.0,1.0,,,,3.0,,,3.0,1.0,,,1.0,,,3.0,,3.0,,1.0,3.0,-3.0,1.0,3.0,,3.0,5.0,,,,,3.0,,3.0,,,,1.0,,-1.0,,1.0,,,,3.0,3.0,3.0,1.0,3.0,,2.0,1.8182745801939797,50
66a03e153d69e0253ca5025d,,1.0,,,1.0,1.0,1.0,1.0,1.0,1.0,,,1.0,,,,,1.0,1.0,,,,1.0,1.0,,3.0,,-1.0,1.0,1.0,3.0,,3.0,,1.0,,1.0,,,,,,,,,1.0,,-1.0,1.0,,,,1.0,1.0,1.0,,1.0,3.0,1.0,,,3.0,,1.0,,3.0,,1.0,3.0,1.0,3.0,1.0,,3.0,,-1.0,,,1.0,,3.0,3.0,1.0,3.0,3.0,,,3.0,1.0,1.0,3.0,,,1.0,,,,,,,1.48,1.1109841197270618,50
57c9c13079ad9b0001e416be,3.0,,1.0,,1.0,-1.0,,-3.0,3.0,,-3.0,,,,1.0,-1.0,,,1.0,,,,,1.0,,1.0,-1.0,,-1.0,-3.0,,-1.0,-3.0,1.0,,,,3.0,-1.0,,-1.0,,-1.0,1.0,1.0,-3.0,,1.0,,-3.0,,,1.0,,-1.0,,,,,,-3.0,,1.0,,,3.0,,,1.0,5.0,-3.0,-3.0,-1.0,1.0,,,1.0,,1.0,,,,,-3.0,-1.0,1.0,,,,1.0,-1.0,1.0,1.0,,3.0,1.0,,,1.0,,0.0,1.9897697538834456,50
5bfc57bf58770b00011e27cf,,-1.0,3.0,,-1.0,-1.0,,-5.0,-1.0,-5.0,,-1.0,1.0,,,,-1.0,,,,,-3.0,,3.0,,,,5.0,-5.0,,-3.0,-1.0,-1.0,,,,-1.0,-1.0,,,-1.0,,,1.0,,,1.0,,-3.0,-5.0,,-1.0,,,-1.0,,-1.0,,-5.0,,-3.0,-5.0,,,-1.0,,-1.0,5.0,-1.0,,,-5.0,,,5.0,3.0,1.0,-5.0,-3.0,1.0,1.0,,,,,-1.0,,,,3.0,-1.0,,-5.0,-1.0,,1.0,,,3.0,5.0,-0.76,2.903621946494286,50
60e7739644eb45bfddedf039,3.0,3.0,,,,3.0,3.0,,5.0,3.0,3.0,5.0,,3.0,,5.0,,5.0,,,,,,5.0,3.0,,,,3.0,3.0,,,5.0,,,3.0,,,,,3.0,,,,,,,,3.0,3.0,3.0,3.0,,,5.0,,,3.0,3.0,3.0,3.0,,,,3.0,3.0,,3.0,5.0,5.0,,,3.0,,5.0,,,3.0,,3.0,3.0,5.0,3.0,,5.0,,,3.0,3.0,3.0,,3.0,3.0,,5.0,5.0,3.0,,3.0,3.0,3.56,0.9071147352221454,50
66417f61aaa1d435bca01069,,,5.0,,,5.0,5.0,3.0,5.0,-3.0,,,5.0,3.0,,,,,,,-5.0,,5.0,,5.0,-3.0,,,1.0,,,,3.0,,-3.0,5.0,,,,,,3.0,,,,,1.0,3.0,-3.0,,,-3.0,3.0,1.0,-1.0,-1.0,3.0,,5.0,5.0,,1.0,,,,5.0,5.0,,3.0,5.0,,-3.0,,,5.0,5.0,5.0,5.0,5.0,,,,1.0,5.0,1.0,,,,,5.0,,5.0,3.0,,,5.0,3.0,-1.0,5.0,5.0,2.6,2.996596709057576,50
63026a8fd8429b224cd2a134,,-1.0,1.0,,,3.0,5.0,,3.0,,,,1.0,,-3.0,,,,,3.0,-1.0,3.0,,1.0,-3.0,-3.0,,,3.0,-1.0,,,1.0,,,,5.0,,3.0,-1.0,3.0,,,5.0,3.0,-1.0,,,,3.0,-5.0,1.0,5.0,,,3.0,,,,5.0,-3.0,,1.0,1.0,,,,1.0,5.0,,3.0,3.0,,,3.0,,-1.0,3.0,3.0,,,3.0,3.0,3.0,3.0,,1.0,,,3.0,,,-1.0,,,,3.0,,3.0,3.0,1.68,2.4448195960321604,50
652c8a9f34ac384b7831f26e,3.0,,,-3.0,,3.0,,,1.0,-5.0,,,1.0,,,,,,-3.0,,,-5.0,,,1.0,-3.0,1.0,,,-5.0,-1.0,3.0,-1.0,,,,5.0,,-5.0,,5.0,1.0,-3.0,-1.0,-3.0,1.0,,,1.0,,-1.0,-1.0,-5.0,1.0,3.0,,3.0,,,,,,,,3.0,,3.0,3.0,-3.0,,-5.0,,,-1.0,,1.0,1.0,,1.0,1.0,,3.0,,,-3.0,,-3.0,1.0,,,-1.0,,-1.0,-1.0,1.0,-3.0,3.0,,,,-0.24,2.825250575847482,50
66560f9399a64ba214126618,,1.0,3.0,1.0,5.0,,5.0,5.0,3.0,,3.0,,,5.0,1.0,1.0,5.0,5.0,,1.0,1.0,,3.0,5.0,,,,5.0,1.0,,,,5.0,3.0,5.0,5.0,,3.0,,3.0,,,,,,1.0,5.0,1.0,,3.0,,,,,,1.0,,3.0,5.0,5.0,,5.0,-1.0,3.0,,,,,5.0,5.0,,-3.0,,,5.0,,,,,,,,5.0,5.0,,3.0,,5.0,3.0,5.0,,5.0,,,,,,5.0,5.0,5.0,3.44,1.9499869178001776,50
5f4d953dc185c2a72d7d56ab,,,3.0,-5.0,,-1.0,,,5.0,-1.0,-3.0,,1.0,-3.0,-5.0,-1.0,1.0,1.0,-3.0,,,,,,-5.0,-5.0,3.0,5.0,,-1.0,,,3.0,,,3.0,,-5.0,1.0,1.0,1.0,1.0,,,,-3.0,,,,-5.0,1.0,,3.0,-5.0,,,-1.0,,,,-5.0,,,,,1.0,,,-1.0,,,-5.0,-1.0,1.0,,1.0,,3.0,-3.0,-1.0,,,,,-3.0,,,,-5.0,,1.0,1.0,,-1.0,-1.0,1.0,5.0,,,5.0,-0.52,3.0920569733642704,50
5f888f1504ea37030833e9ec,5.0,-1.0,,,,,5.0,3.0,5.0,,5.0,5.0,5.0,5.0,,5.0,5.0,5.0,,,-3.0,,5.0,5.0,1.0,,,,,1.0,5.0,,5.0,,5.0,-1.0,5.0,3.0,5.0,-3.0,,,,,5.0,5.0,5.0,,,,,,,5.0,,5.0,,,3.0,5.0,5.0,-3.0,5.0,1.0,,,,5.0,5.0,,5.0,5.0,5.0,5.0,,5.0,,5.0,,,5.0,5.0,5.0,5.0,,,,,,,5.0,,,5.0,,,,,,,3.92,2.328527606949621,50
66841ecdf9957aba7d54d297,,3.0,,1.0,5.0,5.0,3.0,,5.0,-3.0,,,,,,,3.0,,-3.0,,-1.0,5.0,,,,1.0,,5.0,-5.0,,1.0,,1.0,,-1.0,,1.0,3.0,,3.0,,,,,5.0,-3.0,,,,,,3.0,,,5.0,5.0,3.0,5.0,3.0,5.0,,,,-1.0,3.0,,3.0,3.0,1.0,3.0,,,3.0,3.0,,5.0,,-3.0,,,3.0,3.0,,,,,3.0,5.0,,5.0,,5.0,-1.0,,,3.0,5.0,,3.0,5.0,2.44,2.650837372512732,50
5f2047f472c1fd2eaf643c64,,-1.0,,,3.0,,,,3.0,3.0,1.0,5.0,,,,,1.0,3.0,,3.0,,,3.0,3.0,,1.0,3.0,,,,,1.0,3.0,5.0,,,,,1.0,,,3.0,,,3.0,1.0,3.0,,1.0,1.0,3.0,1.0,,,3.0,5.0,,5.0,,,-1.0,,1.0,1.0,,5.0,,,3.0,,-1.0,-1.0,3.0,,,5.0,,,,3.0,,1.0,,,5.0,3.0,,5.0,1.0,,3.0,3.0,,3.0,3.0,,5.0,,,5.0,2.5510204081632653,1.7447686629105963,49
610971868fe9338237d6b193,,3.0,,,5.0,,1.0,,1.0,,-1.0,1.0,1.0,,,,,3.0,,1.0,1.0,,1.0,,,1.0,,,,,,,5.0,,,1.0,,-1.0,1.0,1.0,3.0,,,,1.0,1.0,3.0,-1.0,3.0,3.0,1.0,3.0,,,,,,1.0,3.0,,,,,,-1.0,3.0,5.0,5.0,3.0,,,-1.0,,-1.0,1.0,1.0,-3.0,,3.0,1.0,,,,,-1.0,5.0,-1.0,1.0,1.0,,,,1.0,,1.0,1.0,3.0,,5.0,,1.56,1.8969363054511807,50
55b47001fdf99b615b12d66c,3.0,-3.0,,-3.0,,,1.0,-3.0,3.0,,,1.0,1.0,,,,,,,-1.0,-3.0,3.0,-1.0,3.0,,,,,-1.0,,,-1.0,-3.0,3.0,,,,,-1.0,,,,-3.0,-3.0,1.0,,,,1.0,,,1.0,,1.0,,,,3.0,-1.0,3.0,,1.0,3.0,-3.0,-1.0,,,1.0,1.0,1.0,-3.0,-3.0,,,,1.0,-3.0,,,,1.0,1.0,1.0,1.0,,1.0,-3.0,3.0,,5.0,,,1.0,,,,3.0,1.0,1.0,,0.24,2.2457215557861243,50
5aee59100ccc2e000185937c,5.0,3.0,,,3.0,,5.0,,5.0,,1.0,5.0,,,-3.0,3.0,3.0,-1.0,3.0,1.0,,5.0,,3.0,,,3.0,5.0,,1.0,,5.0,1.0,3.0,,,5.0,1.0,1.0,1.0,3.0,,5.0,1.0,3.0,,,,,1.0,1.0,,,,,,,3.0,,,3.0,,1.0,1.0,1.0,,,1.0,1.0,,-1.0,,3.0,3.0,,,,,,1.0,3.0,1.0,,,,3.0,3.0,,-3.0,,3.0,,,-1.0,5.0,,,,,,2.24,2.015855517984301,50
616349563b1d211973ad2725,5.0,,5.0,,,,,-1.0,1.0,,-5.0,1.0,5.0,5.0,-5.0,-3.0,,3.0,,1.0,,,5.0,5.0,-5.0,,5.0,,,-3.0,,5.0,-3.0,5.0,,-3.0,,,-1.0,,3.0,,-3.0,1.0,,,5.0,,5.0,-5.0,-1.0,,5.0,-5.0,,,,,,,5.0,1.0,-3.0,,,5.0,,,1.0,,-1.0,-3.0,,,5.0,,-5.0,,5.0,-1.0,,,,3.0,-1.0,1.0,,,-1.0,,-1.0,,,-5.0,5.0,,,3.0,,,0.8,3.730732816343027,50
66a2aab9918d06137520268f,,,,,,,,,5.0,3.0,3.0,,3.0,5.0,,,1.0,3.0,3.0,3.0,1.0,,5.0,,-1.0,,3.0,,,1.0,5.0,,1.0,,1.0,-1.0,,,5.0,,,,1.0,5.0,,5.0,,1.0,3.0,1.0,1.0,,,,3.0,3.0,3.0,3.0,5.0,5.0,5.0,,,1.0,1.0,,,3.0,3.0,,-1.0,-1.0,,3.0,,5.0,,,3.0,,,,,,3.0,3.0,,5.0,,3.0,,5.0,-1.0,,,3.0,5.0,,,,2.72,1.8956448474740997,50
62ab399e15b98baaf3099d60,5.0,-5.0,5.0,,5.0,5.0,,,1.0,,,3.0,,-5.0,3.0,5.0,,5.0,1.0,,,3.0,3.0,,5.0,1.0,,,5.0,,-3.0,-1.0,-5.0,5.0,,,5.0,3.0,,,,,,-5.0,,-5.0,5.0,3.0,,,,,,-5.0,5.0,5.0,,5.0,,,3.0,-1.0,-1.0,,-5.0,5.0,,,-1.0,1.0,,-1.0,,,3.0,,,5.0,,,,-5.0,,3.0,5.0,5.0,1.0,,,,,5.0,3.0,,,,,,-5.0,,1.5714285714285714,3.7859388972001824,49
6165ab1d62dc48b90438ea1d,,,5.0,-3.0,,5.0,,-5.0,5.0,-1.0,,,3.0,1.0,,,,,,,1.0,,5.0,,1.0,-3.0,,,5.0,,1.0,,5.0,,5.0,-5.0,,,,,,5.0,,,,-5.0,,,5.0,,,,5.0,-1.0,-1.0,1.0,5.0,,5.0,-1.0,,-5.0,,,,5.0,5.0,,5.0,5.0,,-5.0,,,5.0,-5.0,5.0,5.0,5.0,,,,5.0,5.0,5.0,,,5.0,,5.0,,5.0,-1.0,,,5.0,5.0,5.0,3.0,5.0,2.4,3.664501525251617,50
66bfb8edfd1b3b2ccc94418b,,-1.0,,,-1.0,1.0,,,3.0,-3.0,,,,3.0,,1.0,1.0,1.0,,,,5.0,,3.0,-3.0,-1.0,3.0,-1.0,1.0,,-1.0,5.0,-1.0,,,-1.0,,,,3.0,3.0,,-3.0,,-3.0,-5.0,1.0,-3.0,,,,,1.0,,3.0,1.0,1.0,,-1.0,,1.0,,,,1.0,3.0,5.0,,-3.0,3.0,,,,-1.0,5.0,,,3.0,3.0,-1.0,,,-1.0,,,1.0,,,-1.0,3.0,3.0,,-1.0,-1.0,,,,,,,0.68,2.469735175425636,50
63d4409d5b0e57d3d3a3819d,3.0,1.0,,-1.0,5.0,,3.0,,3.0,,,,,,5.0,3.0,,,,5.0,,5.0,,,3.0,,5.0,5.0,,,-1.0,1.0,-1.0,,3.0,5.0,3.0,5.0,,,1.0,3.0,,1.0,1.0,1.0,,-1.0,5.0,,,,,-1.0,,5.0,1.0,,5.0,5.0,,,,,,5.0,5.0,3.0,5.0,5.0,,1.0,,3.0,,,,1.0,3.0,3.0,,,1.0,,5.0,,,,,5.0,,,,3.0,,,5.0,3.0,5.0,5.0,3.04,2.040008003185582,50
636590165e6fcc3e84ee2b6d,,,,-1.0,,3.0,5.0,-3.0,5.0,,,,3.0,5.0,-5.0,,,5.0,1.0,,-3.0,3.0,5.0,,,,,,5.0,-3.0,-3.0,,3.0,,,,3.0,,,-3.0,5.0,,-3.0,5.0,,,,,,,,,5.0,1.0,3.0,,,,,5.0,1.0,3.0,1.0,,5.0,,,3.0,3.0,,-5.0,1.0,,,5.0,,3.0,1.0,,,5.0,3.0,1.0,5.0,5.0,5.0,1.0,,5.0,,,1.0,-1.0,,,5.0,1.0,-1.0,,,2.04,3.057009342878916,50
5cd08e2ff59e0a0013563602,5.0,,5.0,,,,5.0,,5.0,-5.0,,5.0,,-5.0,-5.0,1.0,,5.0,,,5.0,5.0,5.0,5.0,-1.0,5.0,,5.0,,1.0,-1.0,,5.0,,1.0,,,5.0,1.0,,5.0,,,,,,5.0,-5.0,,-1.0,-5.0,-5.0,,,5.0,,5.0,,5.0,,-5.0,5.0,5.0,,-3.0,,,,1.0,,-5.0,,5.0,5.0,5.0,5.0,,,,,5.0,,,1.0,,,5.0,,5.0,,,5.0,-5.0,,5.0,,,,5.0,,2.2,3.979539507766891,50
5e56457f6370ba0184e041b4,,,,1.0,,3.0,,3.0,3.0,,1.0,5.0,1.0,1.0,1.0,3.0,1.0,,1.0,,1.0,,5.0,3.0,,,,,1.0,,,,1.0,3.0,,5.0,5.0,,-1.0,1.0,,,1.0,,,,3.0,1.0,1.0,,,,3.0,,,,5.0,5.0,,,,,,1.0,,,3.0,1.0,3.0,3.0,,,,,3.0,3.0,1.0,1.0,3.0,,1.0,1.0,3.0,,1.0,3.0,3.0,5.0,,3.0,3.0,,,,5.0,1.0,,,,,2.36,1.5354318677193604,50
66c69625d9527f93c31cc4de,,,,1.0,,,,,-3.0,,5.0,5.0,,,1.0,1.0,,3.0,1.0,-1.0,,1.0,3.0,,5.0,3.0,,1.0,,-1.0,,,5.0,5.0,3.0,,5.0,5.0,,-5.0,5.0,,3.0,5.0,,-1.0,5.0,1.0,,,,3.0,,,3.0,,3.0,5.0,-5.0,,,,,1.0,,,,,5.0,5.0,1.0,-3.0,1.0,,,,3.0,,-5.0,,3.0,,5.0,1.0,,,1.0,,-3.0,,,-1.0,,,,,3.0,5.0,-3.0,5.0,1.88,3.02803229702669,50
667276ecddde99f604ca82af,,,,,5.0,5.0,,-5.0,5.0,5.0,,,,1.0,,1.0,,5.0,,,,5.0,,3.0,1.0,,-3.0,5.0,-5.0,,1.0,5.0,-3.0,,1.0,-1.0,,,,-3.0,1.0,,,,,-1.0,1.0,-1.0,,,,,,,5.0,1.0,5.0,,3.0,5.0,5.0,,,,5.0,,-1.0,,-1.0,5.0,,,1.0,1.0,5.0,,,-5.0,3.0,1.0,,5.0,3.0,,5.0,5.0,,,3.0,3.0,-5.0,,-5.0,,,3.0,,3.0,,,1.72,3.3260873624812,50
5cb5f1e080ba1c0001790399,,-1.0,,1.0,3.0,,3.0,1.0,5.0,1.0,1.0,,3.0,,,,,,1.0,1.0,,1.0,,,1.0,1.0,1.0,5.0,1.0,1.0,,,1.0,3.0,,,3.0,,,1.0,,3.0,1.0,3.0,3.0,,,,,1.0,,,5.0,1.0,,5.0,,,3.0,,,1.0,,,1.0,5.0,,,3.0,3.0,-1.0,-1.0,3.0,1.0,,,1.0,,,,,1.0,,3.0,,,,,1.0,1.0,3.0,,,3.0,,1.0,3.0,,,,1.9387755102040816,1.5330819078100235,49
663f5fb67d8156c7438142bb,5.0,-5.0,,,,-3.0,5.0,,5.0,-5.0,,5.0,,,1.0,3.0,3.0,,,-5.0,,,3.0,,-3.0,,1.0,,,,,3.0,1.0,5.0,-1.0,,5.0,1.0,,,,3.0,-1.0,,3.0,-5.0,,-1.0,,3.0,,,,,,,,3.0,,5.0,,3.0,1.0,-5.0,5.0,,,,5.0,5.0,,,,,3.0,3.0,1.0,3.0,3.0,5.0,,,,3.0,,,1.0,5.0,,3.0,-1.0,3.0,,,5.0,5.0,,1.0,,5.0,1.92,3.1612449110682803,50
666e123eb6aff45cf5be575e,,,-3.0,,,3.0,,,5.0,-5.0,-1.0,,,-5.0,-5.0,-5.0,,3.0,,-5.0,-5.0,,,,1.0,3.0,3.0,,,-3.0,3.0,,-5.0,,-5.0,,,1.0,-3.0,-3.0,-5.0,,,,5.0,,3.0,,,,-1.0,3.0,5.0,,,1.0,,3.0,3.0,-3.0,-5.0,,3.0,-1.0,,,5.0,-3.0,5.0,,,,5.0,3.0,,,,,3.0,5.0,,-5.0,,,-3.0,-5.0,,,,3.0,5.0,,,,-3.0,,,5.0,5.0,5.0,0.2,3.958973274443148,50
648173706e240648a2a8de02,5.0,-1.0,,,,5.0,1.0,5.0,1.0,,,5.0,5.0,1.0,,,1.0,,-1.0,,,,3.0,,,-1.0,,,-1.0,,,3.0,1.0,,,3.0,1.0,,,,,1.0,1.0,1.0,,-3.0,1.0,3.0,-3.0,3.0,,,,1.0,-3.0,,5.0,,5.0,,,-1.0,,,-1.0,-1.0,,,-1.0,5.0,1.0,,,,3.0,,1.0,1.0,,3.0,,,5.0,1.0,1.0,,-1.0,5.0,-3.0,3.0,,,-1.0,-1.0,5.0,,,,,,1.44,2.500285697961049,50
6685c72e8f6043ea0f2d2438,3.0,3.0,1.0,-3.0,3.0,-1.0,1.0,,3.0,3.0,,,,,-3.0,,1.0,3.0,,,,,3.0,1.0,,-1.0,3.0,,1.0,,,,-3.0,1.0,,3.0,,,-1.0,,,,1.0,,3.0,-1.0,,1.0,,,,3.0,,1.0,3.0,-3.0,1.0,,3.0,1.0,,,3.0,-1.0,,3.0,,3.0,-1.0,,,,,,3.0,,-1.0,,3.0,-3.0,1.0,1.0,,3.0,3.0,,,,,,-1.0,,1.0,1.0,3.0,,,,,5.0,1.2,2.070196678027062,50
611131e47725f6a04c723651,,,3.0,-3.0,,5.0,5.0,3.0,5.0,,5.0,5.0,,-1.0,,-1.0,,,3.0,1.0,,1.0,,3.0,,,1.0,,,1.0,,3.0,1.0,,,,5.0,,,,,5.0,,,3.0,-1.0,,5.0,,,3.0,3.0,5.0,5.0,1.0,,3.0,5.0,,1.0,,,1.0,,,,5.0,1.0,5.0,,,,3.0,,,,,-1.0,5.0,,,5.0,5.0,,3.0,5.0,,,-1.0,,5.0,,,5.0,5.0,5.0,,5.0,5.0,5.0,3.08,2.248264636903543,50
6646b6d3fb99fba5a67a1759,,,3.0,,3.0,5.0,,3.0,3.0,,1.0,,3.0,,3.0,3.0,,,,,,,5.0,1.0,,,,3.0,3.0,,3.0,3.0,5.0,,,3.0,-1.0,1.0,,3.0,,3.0,1.0,3.0,-3.0,,1.0,,,-1.0,,3.0,3.0,,,-3.0,1.0,,,,1.0,3.0,-3.0,,,3.0,-1.0,,1.0,,,,,,1.0,,,,3.0,,,,3.0,3.0,3.0,1.0,,,,1.0,3.0,,1.0,3.0,5.0,-3.0,-1.0,,1.0,,1.84,2.0638778638123654,50
60fcc085e84772374cdbb26d,,,,-5.0,3.0,,,,3.0,,-5.0,,3.0,,-3.0,,,,,-3.0,,5.0,5.0,,,,,,3.0,-5.0,-1.0,,1.0,,,,5.0,,,-1.0,,3.0,3.0,,,,1.0,1.0,,-1.0,1.0,3.0,,-3.0,,3.0,-1.0,5.0,,5.0,,3.0,,,-1.0,5.0,1.0,,5.0,5.0,-3.0,,1.0,3.0,5.0,,,3.0,-1.0,1.0,3.0,-1.0,3.0,3.0,5.0,3.0,,5.0,-1.0,3.0,,,,,,,,1.0,,,1.52,2.9640017075651253,50
655f8cc7380061ec28e9efcc,,,,,,,1.0,1.0,1.0,,-1.0,,,,-3.0,-3.0,-3.0,,,-1.0,-1.0,,,,,-3.0,,,,-5.0,,1.0,-5.0,3.0,,3.0,3.0,-1.0,-5.0,5.0,5.0,,,,3.0,-3.0,,,-1.0,,-5.0,,,,-3.0,,5.0,3.0,5.0,1.0,-1.0,-1.0,1.0,,3.0,,,,5.0,,,,,3.0,,5.0,-3.0,5.0,5.0,,,3.0,,,,,5.0,3.0,-5.0,5.0,,3.0,,,1.0,5.0,5.0,1.0,5.0,,1.0,3.404678653660853,50
668b357b0991d87c8cc0b543,5.0,-5.0,-5.0,,,-5.0,3.0,1.0,-5.0,-3.0,,,,-5.0,,,,5.0,3.0,-3.0,-1.0,,,-3.0,3.0,-3.0,3.0,1.0,,,,-5.0,-3.0,3.0,-5.0,-1.0,,-1.0,-5.0,,1.0,,1.0,-1.0,-3.0,-5.0,,,-5.0,,,-5.0,3.0,,-5.0,,,,3.0,,,,-3.0,-3.0,,,,-3.0,1.0,,,-5.0,,,,1.0,,,,,,,,,,,-5.0,,,,1.0,3.0,-5.0,1.0,1.0,,5.0,,-1.0,-5.0,-1.28,3.380858482934867,50
612f2a33146dee3693036229,,,,,1.0,1.0,1.0,,5.0,,-1.0,5.0,5.0,,,,1.0,3.0,1.0,3.0,,,5.0,1.0,1.0,,5.0,,,-3.0,-1.0,,-3.0,5.0,-1.0,1.0,,-1.0,,,,,3.0,,3.0,,3.0,3.0,,-1.0,,5.0,,-5.0,,5.0,,3.0,,,-5.0,3.0,,-1.0,,,,3.0,1.0,,,,,5.0,,5.0,,-3.0,,,-3.0,,,3.0,3.0,,1.0,1.0,1.0,5.0,-1.0,,,,,,5.0,-5.0,,5.0,1.52,2.9914162914197395,50
5c0ec45b05ed100001f7861e,5.0,1.0,1.0,,,3.0,5.0,,5.0,,,5.0,,,,5.0,3.0,,1.0,,,,5.0,,1.0,,5.0,5.0,-3.0,,,5.0,3.0,5.0,5.0,,,5.0,,1.0,,,3.0,1.0,,3.0,,,,,1.0,3.0,5.0,,5.0,5.0,,5.0,5.0,,-1.0,,,,,5.0,,,5.0,,,1.0,3.0,1.0,,5.0,-1.0,-3.0,5.0,3.0,5.0,,,3.0,5.0,5.0,,,,,,5.0,1.0,,,,5.0,,3.0,,3.24,2.236615518946392,50
663f6499a07afa04b277d7e2,5.0,,,,,3.0,,5.0,3.0,-3.0,,,,-5.0,-1.0,3.0,,,,-3.0,,,,,,3.0,,,,,,,-3.0,3.0,,-1.0,5.0,,,1.0,,,1.0,1.0,3.0,,,,3.0,1.0,,3.0,5.0,5.0,3.0,3.0,3.0,,5.0,,-1.0,,1.0,,,5.0,1.0,-5.0,1.0,,-1.0,,,1.0,1.0,,1.0,-5.0,,,1.0,-3.0,-1.0,,,3.0,,,,,3.0,3.0,-1.0,-5.0,3.0,-1.0,,,1.0,5.0,1.16,2.9371650916334624,50
66d916af0cf8c145a0aa3220,,,,,,,,3.0,5.0,,-3.0,1.0,5.0,3.0,,3.0,,,-1.0,1.0,-1.0,3.0,,,3.0,,,5.0,,-1.0,-3.0,5.0,-1.0,,3.0,,5.0,,1.0,,1.0,5.0,,1.0,,,3.0,,5.0,-1.0,-1.0,,,,,,,,,,1.0,5.0,,,5.0,,5.0,,3.0,5.0,-1.0,3.0,-1.0,3.0,,1.0,,1.0,,,1.0,,3.0,,,3.0,5.0,5.0,5.0,5.0,,3.0,5.0,,,,5.0,,5.0,,2.48,2.45148851075573,50
66a7aa507a8584ba28c99afa,3.0,,,-1.0,,1.0,5.0,3.0,3.0,,-5.0,,1.0,5.0,3.0,5.0,,,,,,5.0,,1.0,5.0,,,,3.0,,5.0,3.0,1.0,,,,3.0,,,,1.0,,3.0,5.0,3.0,,,,,,,,,1.0,3.0,3.0,,5.0,1.0,,1.0,-1.0,,3.0,5.0,3.0,,,5.0,3.0,1.0,3.0,,,1.0,-3.0,,,,3.0,,,,3.0,5.0,3.0,,,,,5.0,1.0,,5.0,5.0,1.0,,,3.0,3.0,2.64,2.164273927360643,50
6552cf1b52e2b9a5e055b247,,1.0,,-5.0,5.0,,,,3.0,-1.0,,5.0,,,,3.0,1.0,5.0,1.0,1.0,,1.0,,,-1.0,-1.0,3.0,,,-5.0,,,3.0,5.0,,,,,,5.0,,5.0,,3.0,,1.0,5.0,-1.0,,,-5.0,1.0,,,5.0,,,5.0,,,,,,3.0,1.0,,5.0,,3.0,3.0,1.0,,3.0,,,3.0,-1.0,1.0,,,3.0,1.0,,,,,1.0,5.0,,,3.0,3.0,-5.0,-3.0,3.0,1.0,,-1.0,,5.0,1.72,2.8787752497851424,50
652014a6230cfe011fd5ec48,,,,1.0,5.0,,,,5.0,1.0,1.0,,5.0,,1.0,,,5.0,,5.0,1.0,3.0,,5.0,,3.0,,,,1.0,,,1.0,,,5.0,5.0,3.0,3.0,3.0,5.0,5.0,,,5.0,,,3.0,5.0,5.0,,,5.0,-3.0,,,5.0,5.0,,5.0,,1.0,5.0,3.0,,,3.0,5.0,5.0,5.0,1.0,,,,5.0,,,,,,,1.0,5.0,,,,5.0,5.0,1.0,,,,,-1.0,5.0,3.0,,3.0,,5.0,3.44,1.9914101249401857,50
63d3f95bba922834f0e8ac39,3.0,-1.0,3.0,-3.0,,,,-1.0,5.0,-3.0,-3.0,1.0,,-1.0,1.0,,1.0,,-5.0,,-1.0,,3.0,,,,1.0,5.0,-1.0,,1.0,5.0,5.0,,1.0,,5.0,,1.0,,1.0,,,,,-3.0,,,1.0,,-1.0,,3.0,,1.0,5.0,3.0,,3.0,3.0,,-1.0,1.0,,5.0,5.0,,,3.0,,-3.0,-1.0,,,3.0,,,,3.0,1.0,3.0,3.0,1.0,-1.0,,3.0,,,,,,,,,,,,,5.0,,1.36,2.6400371054906304,50
66a5b82df8938d1d1e6bb764,3.0,,5.0,-3.0,,,,,5.0,-5.0,1.0,,3.0,,-3.0,1.0,-1.0,,-3.0,3.0,,,,3.0,3.0,,,,,,,3.0,-3.0,,3.0,,3.0,,5.0,3.0,5.0,,,,,-1.0,,,,1.0,,3.0,,3.0,,5.0,5.0,3.0,,,-3.0,-3.0,,3.0,,5.0,5.0,,3.0,5.0,-3.0,,3.0,,,,,,,,3.0,3.0,3.0,3.0,,,,,3.0,,,,3.0,1.0,,,5.0,5.0,,,2.0434782608695654,2.851561145440086,46
663fce6f3e24dde218c1bd5f,,1.0,1.0,-5.0,,,1.0,,3.0,,,,5.0,-1.0,,,,-1.0,,,-1.0,3.0,,3.0,1.0,,,3.0,-5.0,-3.0,,3.0,-3.0,3.0,,,,1.0,-5.0,1.0,1.0,3.0,1.0,,,-1.0,,,,,-5.0,,,,,,,,,5.0,,,,1.0,-1.0,5.0,,,1.0,1.0,-5.0,-5.0,5.0,,,3.0,-3.0,,5.0,1.0,,,-3.0,,1.0,,-1.0,3.0,-5.0,3.0,,5.0,,-5.0,,,5.0,1.0,1.0,,0.44,3.233498137324596,50
5df4565dfeea89323021ef27,5.0,,5.0,-5.0,,,,,3.0,,1.0,3.0,,5.0,,,-1.0,1.0,,,,,,5.0,,-3.0,,,-1.0,-1.0,,,-1.0,,-5.0,,,5.0,-1.0,1.0,1.0,,-3.0,,,-3.0,1.0,1.0,-5.0,-5.0,-5.0,1.0,5.0,1.0,5.0,,-1.0,,,,,,3.0,-5.0,5.0,,,,1.0,,-5.0,-3.0,,-1.0,5.0,5.0,5.0,5.0,,3.0,,-1.0,,3.0,,1.0,,,,5.0,,,,,,,,5.0,,5.0,0.9183673469387756,3.5580702558519315,49
663abe1a8ff8f916368ac386,5.0,-3.0,1.0,,,,,1.0,5.0,,,,5.0,1.0,3.0,,1.0,5.0,1.0,5.0,1.0,5.0,,5.0,,,,,-3.0,,3.0,,-5.0,,-3.0,,,,,1.0,5.0,,,5.0,,-3.0,,,5.0,,3.0,,,1.0,,,,5.0,,5.0,,,3.0,-3.0,5.0,5.0,,,3.0,5.0,3.0,,,,,3.0,3.0,,3.0,,1.0,,,5.0,5.0,5.0,,,,5.0,5.0,5.0,3.0,,,3.0,,5.0,5.0,3.0,2.8,2.747912008810192,50
60919a2ba53124c1accb4477,,,-1.0,-3.0,3.0,,1.0,1.0,3.0,,,,1.0,1.0,,1.0,1.0,3.0,,-1.0,,,1.0,3.0,1.0,,,3.0,-1.0,,1.0,1.0,-1.0,,-1.0,-1.0,,,,,1.0,3.0,,1.0,-1.0,-1.0,,,1.0,1.0,1.0,-3.0,1.0,3.0,3.0,,,,,,,1.0,,,5.0,1.0,,3.0,1.0,,-3.0,1.0,,,,3.0,1.0,,,1.0,1.0,,,,,,1.0,3.0,1.0,,,,3.0,,,1.0,,,,,1.0,1.7142857142857144,50
5e8fb6ba9b5ff02b5150ab10,3.0,5.0,,,5.0,,,,1.0,1.0,,,1.0,,,-3.0,,,,3.0,,,3.0,3.0,1.0,3.0,-1.0,,,,,,-3.0,,3.0,,3.0,3.0,-3.0,,1.0,3.0,1.0,,,-5.0,,,3.0,,,,1.0,,5.0,3.0,,3.0,-5.0,3.0,-5.0,5.0,,,,,-1.0,3.0,1.0,1.0,,,,1.0,1.0,3.0,,5.0,,,1.0,-3.0,,1.0,,,,,,3.0,-3.0,,-3.0,,,1.0,3.0,-1.0,5.0,1.0,1.2,2.7774602993176547,50
65ee5d07466760163e01c72f,,1.0,,,1.0,1.0,,,3.0,,3.0,3.0,3.0,-1.0,,3.0,3.0,,,,,3.0,,3.0,-1.0,,,,3.0,,-1.0,3.0,-1.0,,3.0,,,,3.0,3.0,,3.0,,5.0,1.0,,,3.0,1.0,,,,1.0,3.0,3.0,5.0,1.0,5.0,,,,1.0,,3.0,-1.0,,,,3.0,1.0,-1.0,,-1.0,,,1.0,3.0,,3.0,,3.0,,5.0,,,1.0,1.0,1.0,,,1.0,,,3.0,5.0,,,,3.0,,2.08,1.724256716527384,50
66a033c8b362a165e95fc7bf,,-3.0,,1.0,1.0,3.0,-1.0,-1.0,1.0,-3.0,-1.0,,,,,-1.0,5.0,,,1.0,,5.0,1.0,-1.0,,,3.0,3.0,3.0,,-1.0,,-1.0,,1.0,,5.0,1.0,,,1.0,3.0,,,1.0,,,1.0,,1.0,,,,,5.0,,1.0,,,5.0,-3.0,,1.0,3.0,-1.0,,,1.0,-5.0,,,-5.0,1.0,1.0,5.0,3.0,,-5.0,3.0,-1.0,,-3.0,,,3.0,,1.0,,,,,,,,,,5.0,3.0,,,0.92,2.709318763686788,50
5f60fa0a0543ce036fa68ba0,,,,-3.0,,1.0,5.0,-1.0,-1.0,,,,,1.0,-5.0,,,5.0,3.0,,-3.0,3.0,,,-3.0,,,3.0,5.0,1.0,-3.0,1.0,-1.0,5.0,,3.0,,,,3.0,,,,5.0,3.0,,,,,,,,,3.0,3.0,,1.0,5.0,,,-1.0,,,1.0,3.0,1.0,5.0,,3.0,,-5.0,-3.0,3.0,,5.0,,,-1.0,5.0,,,,5.0,,3.0,5.0,1.0,5.0,-3.0,,3.0,1.0,,3.0,5.0,,,,3.0,,1.72,2.9626243192721646,50
5f32e865bd94490a64d9c9f5,,,,-5.0,-5.0,,1.0,-3.0,1.0,-5.0,-5.0,1.0,,-5.0,,,,,,,,,3.0,,-5.0,,1.0,5.0,,-5.0,-5.0,1.0,-5.0,-1.0,,-1.0,,-3.0,-3.0,,,1.0,-5.0,,-5.0,,-3.0,-5.0,,-5.0,,,-5.0,,-3.0,,-5.0,,-3.0,,,3.0,,,1.0,,1.0,3.0,-5.0,,,-3.0,3.0,-5.0,,,,-5.0,,,,-5.0,-1.0,,,,,5.0,,3.0,-3.0,,,-5.0,1.0,-3.0,3.0,-5.0,,,-1.96,3.2885701874144364,50
5981b8259c83ca00012bddcb,,-5.0,,,,1.0,,,1.0,-3.0,-5.0,-5.0,,,-3.0,,,,-5.0,,-5.0,1.0,,,,-5.0,,,,-5.0,,,-5.0,1.0,,,,,-3.0,-5.0,,,-5.0,,,,-1.0,-1.0,,-5.0,,,,-5.0,,-1.0,-3.0,1.0,5.0,5.0,-5.0,,-3.0,-5.0,,,-1.0,,-5.0,1.0,,-5.0,-1.0,-5.0,3.0,,,-5.0,1.0,,,-5.0,-3.0,,-5.0,1.0,,,,,-1.0,1.0,,-5.0,3.0,,3.0,-5.0,-3.0,3.0,-2.12,3.15995350004537,50
64307c41aa1212bc732f9dfc,5.0,1.0,3.0,,5.0,,3.0,,5.0,,,5.0,,,3.0,,1.0,,,,1.0,,3.0,5.0,3.0,3.0,,5.0,3.0,-1.0,1.0,1.0,1.0,,1.0,5.0,,3.0,,3.0,,3.0,3.0,,3.0,,,,1.0,,,,3.0,1.0,5.0,1.0,3.0,,,,,,1.0,-1.0,,,,3.0,3.0,,,-1.0,,3.0,5.0,5.0,5.0,,,,3.0,,3.0,3.0,5.0,,,,,,,,5.0,3.0,3.0,,,,5.0,,2.88,1.7336995950032077,50
6104414bc2058f70c1906eb3,5.0,-1.0,,3.0,,,,,5.0,-1.0,,3.0,,,1.0,3.0,3.0,5.0,-3.0,-5.0,-3.0,3.0,5.0,5.0,-1.0,,3.0,,,,1.0,,-3.0,3.0,3.0,1.0,5.0,1.0,-1.0,-1.0,3.0,3.0,,,1.0,,,,,3.0,,,5.0,,,,1.0,3.0,,,5.0,,,,-1.0,3.0,1.0,,3.0,5.0,,,3.0,,3.0,,,,3.0,,5.0,1.0,,1.0,1.0,,,,,5.0,1.0,,,,,,5.0,,,,2.04,2.5311125246114403,50
608418128f63e731da705bf5,,,,,,5.0,5.0,,5.0,,1.0,,,5.0,,,,,,1.0,,5.0,,5.0,-1.0,,1.0,5.0,,-1.0,,5.0,-1.0,5.0,5.0,5.0,,,-1.0,,,,,5.0,5.0,,3.0,-3.0,,,,1.0,5.0,1.0,,1.0,,,3.0,5.0,1.0,3.0,,,,5.0,5.0,3.0,5.0,5.0,,,,,3.0,5.0,-3.0,-1.0,5.0,,5.0,,3.0,5.0,1.0,,,,,,,,5.0,3.0,3.0,3.0,,,5.0,5.0,3.08,2.423018862527336,50
665e54d4154b23ebf869d4ec,1.0,,5.0,-1.0,,,1.0,1.0,3.0,-1.0,,,,,-1.0,,,3.0,-1.0,,1.0,,3.0,,,1.0,1.0,5.0,,-1.0,,,1.0,5.0,,5.0,1.0,3.0,,,3.0,,,,,-1.0,3.0,,,1.0,-3.0,,,,,5.0,,3.0,1.0,3.0,-1.0,,-1.0,,,3.0,,3.0,1.0,,,1.0,,1.0,3.0,,,,,3.0,,-1.0,,1.0,3.0,,,,-1.0,3.0,,3.0,1.0,,,3.0,3.0,1.0,,5.0,1.68,2.0044847676331865,50
5b4eed90995d4e00010949b7,5.0,,-5.0,-5.0,,,,,5.0,,,,3.0,,-1.0,3.0,3.0,5.0,-5.0,,-5.0,,5.0,,,5.0,,,,,-5.0,,-5.0,5.0,1.0,,5.0,,,,,,-5.0,,,-1.0,,,5.0,-5.0,-3.0,,,-5.0,5.0,,,3.0,5.0,5.0,,,-5.0,,-3.0,,5.0,-3.0,-5.0,3.0,,,-5.0,3.0,5.0,5.0,,,,5.0,,-3.0,5.0,,,5.0,1.0,,-3.0,5.0,,3.0,,-5.0,,1.0,5.0,-5.0,,,0.64,4.327227514146174,50
5ae5b7e26735bd0001d7dfe3,,-5.0,3.0,,,-5.0,,-5.0,5.0,1.0,-5.0,5.0,-1.0,,,,1.0,-3.0,-1.0,-1.0,,,1.0,,,,-3.0,,,-3.0,,3.0,-5.0,5.0,,,,,-5.0,-5.0,,5.0,1.0,,1.0,,,1.0,,-5.0,,5.0,,-3.0,1.0,,-5.0,,,,-3.0,-1.0,,,,3.0,,,1.0,1.0,,,,,3.0,3.0,,,3.0,1.0,,,,-1.0,3.0,,1.0,5.0,1.0,5.0,-5.0,,3.0,,3.0,-1.0,,,3.0,,0.12,3.432378838327133,50
63df15ad4c036f01da62efd6,5.0,-3.0,,,,3.0,3.0,-1.0,1.0,,-1.0,,-3.0,,,,,3.0,-3.0,-3.0,-3.0,3.0,3.0,,,1.0,,,-1.0,-1.0,,,-1.0,1.0,,1.0,,,,3.0,,,-1.0,,,-3.0,-3.0,,,,-5.0,,,,,-1.0,3.0,3.0,3.0,5.0,-5.0,,5.0,3.0,,5.0,,3.0,3.0,3.0,-1.0,,,3.0,,3.0,,1.0,,3.0,,,,,-1.0,3.0,3.0,3.0,-3.0,3.0,,,1.0,,,,,,1.0,,0.88,2.782158903309677,50
6689bcc572b8a0394c4b79a2,5.0,,,3.0,5.0,,5.0,,3.0,,,,,3.0,5.0,-1.0,,,,,1.0,5.0,,3.0,1.0,1.0,,1.0,-1.0,,5.0,,1.0,,-3.0,3.0,5.0,3.0,,,1.0,,,-1.0,,-3.0,5.0,,1.0,,-3.0,,-1.0,,,,,,-1.0,3.0,,,1.0,3.0,5.0,,5.0,5.0,-1.0,,-3.0,-3.0,5.0,3.0,,,3.0,-5.0,,,3.0,,5.0,,,3.0,,,,,,-1.0,,3.0,,,5.0,5.0,,5.0,2.0,2.864276807966203,50
5e405a1cfce14d29997364da,,,3.0,1.0,3.0,,3.0,1.0,1.0,1.0,,3.0,,,1.0,,1.0,3.0,,,1.0,1.0,3.0,3.0,3.0,1.0,,,3.0,,1.0,3.0,1.0,,,3.0,3.0,1.0,,,3.0,,,,,,3.0,,1.0,,1.0,3.0,,3.0,3.0,1.0,3.0,,1.0,,,,,1.0,1.0,,,3.0,3.0,,,1.0,,,,,3.0,,,3.0,,,3.0,,,,,,3.0,3.0,3.0,,,3.0,3.0,3.0,3.0,3.0,,,2.24,0.9806287029560292,50
6101ea2ab4b86beb9f2bff48,5.0,,1.0,,,5.0,,-5.0,1.0,,,,3.0,,1.0,-1.0,3.0,3.0,-1.0,,-3.0,,5.0,,,1.0,,,,,1.0,3.0,-5.0,,,,-1.0,1.0,,-3.0,3.0,,1.0,1.0,,-5.0,,3.0,3.0,-1.0,-3.0,3.0,,,1.0,,,,,,-5.0,,-1.0,-1.0,5.0,3.0,,,-1.0,,-3.0,1.0,3.0,3.0,,,,,,5.0,,-1.0,,,1.0,,1.0,,1.0,5.0,1.0,5.0,5.0,,,,5.0,,,,1.04,2.955175328891637,50
66ce788d525a8b846a74c78f,,,,,,1.0,,,3.0,-3.0,,,,-1.0,,,,5.0,-1.0,3.0,-3.0,1.0,,3.0,1.0,,3.0,,-3.0,,,,-3.0,3.0,,,,,1.0,,3.0,5.0,,3.0,,-5.0,3.0,-1.0,1.0,-3.0,-3.0,,,,1.0,,,3.0,1.0,5.0,-5.0,,,,3.0,3.0,3.0,,3.0,,-5.0,,-1.0,,,,-5.0,-3.0,3.0,,,1.0,,1.0,,5.0,1.0,5.0,1.0,5.0,3.0,1.0,,,5.0,,,,,5.0,1.04,3.06367792840233,50
62fbd2c1d97aa039e9466d81,,1.0,,-5.0,5.0,,5.0,-1.0,5.0,1.0,,5.0,3.0,-1.0,5.0,,-3.0,,,,,3.0,,5.0,,,1.0,5.0,-1.0,5.0,,,3.0,,,5.0,5.0,1.0,-3.0,3.0,3.0,5.0,,,1.0,,1.0,,,-5.0,,,,,,-1.0,3.0,5.0,,5.0,,1.0,-3.0,-5.0,,,,,-1.0,,-3.0,-1.0,,,,,1.0,,,-1.0,1.0,,,,,1.0,,5.0,,,5.0,3.0,,,,5.0,5.0,5.0,5.0,,1.84,3.1838880095164868,50
66a273f25c07d3802dda6dac,5.0,-1.0,,,,5.0,,,5.0,,3.0,,,5.0,,5.0,,,5.0,,,,,5.0,,,-1.0,5.0,,5.0,1.0,,3.0,,,,,,1.0,,1.0,5.0,5.0,5.0,5.0,-1.0,,1.0,,1.0,,-3.0,5.0,,,,,5.0,,5.0,-5.0,3.0,3.0,,,5.0,5.0,,5.0,5.0,-1.0,,1.0,5.0,5.0,,,5.0,5.0,,5.0,5.0,,,1.0,1.0,5.0,5.0,,,,5.0,5.0,,,,,,5.0,5.0,3.36,2.545584412271571,50
5eaf585e8a9edb65a576c008,,,-1.0,-3.0,1.0,,,-1.0,3.0,,-1.0,5.0,3.0,,,1.0,,5.0,,3.0,,,5.0,,,5.0,,5.0,1.0,,,,-5.0,5.0,,3.0,1.0,,-1.0,,,5.0,,3.0,5.0,,,,,,,1.0,,5.0,,3.0,3.0,3.0,,,-3.0,1.0,-1.0,,,,1.0,,5.0,1.0,-3.0,1.0,3.0,,5.0,,-1.0,,,3.0,5.0,1.0,,,,5.0,1.0,5.0,,,,,,1.0,,3.0,5.0,3.0,,5.0,2.16,2.652376677777183,50
660dfa1d1b035ba808f2b45f,3.0,-5.0,1.0,,,-3.0,-3.0,-5.0,1.0,-3.0,,3.0,,-5.0,,-3.0,-3.0,3.0,-3.0,,-3.0,,,1.0,,-3.0,1.0,3.0,,,,1.0,-5.0,5.0,-5.0,-3.0,,-5.0,-1.0,,1.0,,,3.0,1.0,-5.0,,,1.0,,,,,,,1.0,,,3.0,,,,1.0,-5.0,,,,-1.0,-3.0,,,-5.0,3.0,,,1.0,-5.0,,,,,,,,,,-3.0,3.0,,,,1.0,-3.0,-3.0,5.0,1.0,3.0,,,3.0,-0.76,3.172329344407317,50
654a2cd129403e4f45596b55,1.0,,1.0,,,,3.0,5.0,3.0,3.0,,,,,-1.0,,,,,-1.0,,5.0,,,,,5.0,1.0,,,,5.0,3.0,1.0,5.0,,5.0,5.0,,-3.0,5.0,,3.0,1.0,,-1.0,,,5.0,,-1.0,,5.0,,,3.0,,,,5.0,3.0,,5.0,,,5.0,3.0,,3.0,,,,5.0,,5.0,5.0,,5.0,5.0,,,1.0,1.0,1.0,,,5.0,5.0,3.0,,5.0,5.0,3.0,,3.0,5.0,,5.0,5.0,,3.24,2.1623871918199438,50
595fdaa1d82b180001c6e460,5.0,-1.0,,-5.0,5.0,-3.0,3.0,,3.0,,,,,,1.0,,-5.0,,,,,1.0,,3.0,-5.0,,-3.0,,,,-5.0,-1.0,5.0,,-1.0,,3.0,1.0,,5.0,3.0,,1.0,,,-3.0,1.0,-5.0,,,-5.0,-5.0,,,-3.0,,,,-5.0,3.0,,3.0,,,3.0,5.0,,5.0,5.0,3.0,,,,1.0,,-3.0,,,,3.0,,,-1.0,,,,,,3.0,,-1.0,3.0,,,,-3.0,3.0,3.0,3.0,,0.4893617021276595,3.50075979594947,47
66b2121c3e411fc235a28b0b,,3.0,3.0,,5.0,1.0,,,5.0,-5.0,,,,,,-3.0,,,-1.0,-3.0,-5.0,3.0,1.0,,-1.0,,,,,,-5.0,5.0,5.0,5.0,,,,,,,,3.0,,-1.0,1.0,,,-3.0,,,-3.0,3.0,1.0,,,5.0,,,-3.0,,-5.0,-3.0,,,,5.0,1.0,5.0,1.0,3.0,,,-3.0,,,,3.0,,5.0,,,3.0,1.0,,5.0,,1.0,5.0,,,3.0,,1.0,,3.0,,,,,,1.1363636363636365,3.352131630670939,44
66657150b72745f04a4f9814,,,,5.0,1.0,,,,5.0,,5.0,5.0,3.0,,5.0,3.0,5.0,,,3.0,,5.0,5.0,,,,,,3.0,3.0,-5.0,,5.0,,,,1.0,,,-5.0,,3.0,3.0,,,,5.0,1.0,,3.0,3.0,3.0,,3.0,,,5.0,,,1.0,3.0,1.0,,,-3.0,5.0,5.0,,5.0,5.0,3.0,,,5.0,,,3.0,1.0,1.0,5.0,5.0,,5.0,3.0,5.0,3.0,,,5.0,3.0,,,,,,3.0,,3.0,,,3.12,2.3702234459378446,50
66d8b0d36ce7d36e6f850028,,5.0,5.0,,3.0,,,,5.0,,,5.0,,,,,1.0,3.0,1.0,,3.0,,5.0,,,1.0,,3.0,-3.0,1.0,,,3.0,5.0,,1.0,3.0,,-3.0,,,,,,,-3.0,3.0,1.0,5.0,,-5.0,3.0,1.0,-1.0,,,,,5.0,5.0,,,5.0,,,,3.0,5.0,1.0,,,,1.0,3.0,,,3.0,3.0,,,5.0,1.0,5.0,,,3.0,5.0,5.0,5.0,5.0,,,1.0,3.0,,,5.0,1.0,,5.0,2.68,2.502570107480936,50
66cca28dc44a6ee1146cb5d8,3.0,1.0,,,3.0,,3.0,,3.0,1.0,1.0,3.0,,3.0,,,,,,3.0,1.0,1.0,,,1.0,1.0,-1.0,3.0,3.0,,,,3.0,,3.0,3.0,,,1.0,,1.0,3.0,,,,,3.0,1.0,3.0,,,,3.0,1.0,,,3.0,3.0,1.0,3.0,,,,,,,,1.0,1.0,3.0,,1.0,3.0,3.0,,,3.0,1.0,3.0,3.0,1.0,,,1.0,,,,3.0,1.0,,,1.0,,,3.0,,,,3.0,3.0,2.12,1.0811935959099714,50
5f4143f294d6482bd9689da0,3.0,5.0,,,3.0,,,,3.0,5.0,,,5.0,,1.0,,1.0,5.0,,,3.0,,5.0,,5.0,3.0,,5.0,1.0,,3.0,,-5.0,5.0,3.0,1.0,,5.0,,-1.0,1.0,,3.0,3.0,,,3.0,,5.0,3.0,,,,,,3.0,,,5.0,,1.0,3.0,,1.0,5.0,5.0,,,5.0,3.0,-1.0,-1.0,,5.0,5.0,5.0,-3.0,,,3.0,,,,3.0,,,3.0,3.0,,3.0,,3.0,,,,,5.0,,,,2.92,2.248264636903543,50
63fcb3abff7248e2177ddb48,,,3.0,-3.0,,,,,5.0,-5.0,,5.0,1.0,-3.0,3.0,-1.0,1.0,,,,,,,,,3.0,3.0,1.0,,,3.0,-1.0,1.0,,1.0,,3.0,1.0,-1.0,,3.0,,,5.0,,,,3.0,,1.0,,-1.0,1.0,1.0,,,1.0,,1.0,,,-5.0,,1.0,1.0,,5.0,,-3.0,3.0,,,1.0,,3.0,,,,3.0,,1.0,3.0,1.0,,,5.0,,,,5.0,1.0,3.0,,-5.0,,-1.0,3.0,5.0,,3.0,1.36,2.6400371054906304,50
664652484459d88ac575bda5,,1.0,,,,3.0,3.0,-3.0,5.0,-3.0,5.0,5.0,5.0,-5.0,5.0,3.0,,1.0,5.0,5.0,1.0,5.0,,,,,,,,-5.0,,,-3.0,,,,,1.0,,,,,,,3.0,,,,1.0,-5.0,-5.0,3.0,5.0,,-3.0,,,,5.0,5.0,,,,-3.0,,5.0,3.0,,5.0,5.0,,-3.0,,,,5.0,3.0,3.0,5.0,-3.0,,,-3.0,3.0,1.0,,,,-3.0,5.0,,5.0,,,5.0,3.0,5.0,,3.0,,1.84,3.5476925527699823,50
614a2938ccbb6e48eb2dcbd1,,,-5.0,-3.0,-5.0,,-3.0,-5.0,5.0,,,-3.0,,,-5.0,-3.0,-3.0,-5.0,,-3.0,,-3.0,-3.0,3.0,-5.0,-5.0,-3.0,3.0,,,,,-5.0,-3.0,-3.0,-5.0,,-3.0,-3.0,-5.0,,,,,,,-1.0,-5.0,,-5.0,-5.0,,1.0,,3.0,,3.0,5.0,,,-5.0,,,-5.0,-3.0,3.0,,3.0,1.0,,-5.0,,,-5.0,1.0,,,,,,-3.0,,,,3.0,-5.0,,,-3.0,3.0,,,,-3.0,,,1.0,,,,-2.08,3.2377871001847,50
60079f45348bb62bdcd363ff,5.0,1.0,,-1.0,-1.0,,,,5.0,-1.0,,3.0,,,-5.0,-5.0,,3.0,3.0,,-1.0,,,,,,-1.0,5.0,1.0,1.0,,,-1.0,,,5.0,1.0,-1.0,,,,3.0,,5.0,5.0,,1.0,3.0,,,,,3.0,1.0,-1.0,1.0,3.0,1.0,,5.0,1.0,,1.0,,,5.0,,1.0,5.0,,,,,5.0,,1.0,,3.0,,3.0,1.0,1.0,-1.0,,,,,,,1.0,,1.0,1.0,3.0,,,,1.0,,5.0,1.68,2.4779846979481746,50
66b5846536417ae489c10760,,,-1.0,,,3.0,1.0,-3.0,3.0,,-3.0,,-3.0,-5.0,,,-3.0,,,-3.0,,1.0,5.0,,-5.0,-5.0,,,,,,-5.0,5.0,1.0,-5.0,,,,-1.0,-3.0,,,-5.0,,,-5.0,,,1.0,-5.0,-1.0,,,,,,,,-5.0,,,-3.0,,-5.0,1.0,,5.0,,-1.0,5.0,-5.0,-5.0,5.0,,3.0,,3.0,,-3.0,,,-1.0,,-5.0,1.0,1.0,5.0,1.0,-5.0,,-3.0,,,,1.0,-5.0,5.0,,1.0,,-1.0,3.5913728828504383,50
65ddff50a1e697abbe4a5614,5.0,,,,,,5.0,1.0,5.0,3.0,,5.0,,5.0,,,,,5.0,,3.0,3.0,,,3.0,,,,5.0,,5.0,,3.0,,,,5.0,,,1.0,,5.0,3.0,5.0,,,,,,,5.0,3.0,5.0,3.0,,5.0,,5.0,1.0,,3.0,3.0,3.0,1.0,3.0,,5.0,3.0,3.0,5.0,3.0,,5.0,,,,1.0,3.0,,,5.0,5.0,,,,,3.0,,,5.0,5.0,,3.0,,5.0,5.0,5.0,5.0,3.0,,3.84,1.3455899244933278,50
5a5bff49acc75b00017a6009,,-3.0,,-3.0,,5.0,,,3.0,3.0,-3.0,,3.0,,,,,,,,,,,3.0,,,,5.0,,1.0,5.0,1.0,-3.0,5.0,,-5.0,3.0,,,1.0,1.0,3.0,1.0,5.0,5.0,-5.0,,,1.0,-5.0,-3.0,-1.0,3.0,,,,,,,5.0,-1.0,,,,,5.0,,,3.0,,-5.0,-3.0,,,,3.0,-3.0,1.0,5.0,1.0,,,3.0,3.0,,1.0,,5.0,,1.0,,-1.0,-3.0,5.0,,,,5.0,1.0,1.0,1.16,3.253632193254117,50
664111b80f16ecedfa33dc04,,-5.0,,-1.0,3.0,5.0,,-1.0,3.0,-1.0,-5.0,,,3.0,1.0,1.0,,1.0,1.0,-1.0,-3.0,5.0,,,-1.0,,,,,-1.0,,,-3.0,,3.0,1.0,,,-3.0,,,,,1.0,3.0,-3.0,3.0,3.0,-3.0,,,3.0,1.0,,,,3.0,5.0,5.0,,,,,,,5.0,5.0,,5.0,5.0,-5.0,1.0,,,,5.0,3.0,,,,,,,3.0,,,3.0,5.0,-1.0,5.0,,5.0,3.0,3.0,3.0,,,,,,1.52,3.045505219305382,50
63929d48d18e60dd8b5e4463,,,5.0,1.0,,3.0,,,3.0,,5.0,5.0,3.0,,,,,,1.0,3.0,3.0,,3.0,,,1.0,3.0,,,,,3.0,3.0,5.0,3.0,,,3.0,1.0,3.0,5.0,,3.0,5.0,5.0,3.0,,3.0,,3.0,,,,,5.0,5.0,5.0,5.0,3.0,5.0,,5.0,,,5.0,3.0,,1.0,3.0,3.0,,,,5.0,,,,,5.0,3.0,,,,3.0,5.0,,,3.0,5.0,3.0,5.0,3.0,,,,,,,,3.0,3.56,1.2803060858518902,50
65fce899eed934d69c9e6166,,3.0,,1.0,1.0,1.0,,,5.0,,1.0,5.0,1.0,1.0,,3.0,1.0,-1.0,-1.0,3.0,,,3.0,3.0,1.0,,,,,1.0,3.0,,3.0,3.0,1.0,3.0,,,-1.0,-1.0,,5.0,,,1.0,,-1.0,1.0,,-1.0,,3.0,,-3.0,3.0,,,3.0,,,,3.0,,,1.0,,,3.0,1.0,,-1.0,1.0,,5.0,,3.0,1.0,,,-1.0,3.0,,,1.0,3.0,,,,,,,,,3.0,,,3.0,,,3.0,1.72,1.8410289935528013,50
5be9ce784f251d00015ce92e,5.0,,5.0,,5.0,-1.0,3.0,1.0,3.0,,1.0,,1.0,3.0,,,,,,,,,,,,3.0,3.0,3.0,,-1.0,,3.0,-3.0,,,,,1.0,,,,,1.0,1.0,,-5.0,-1.0,-3.0,1.0,,-5.0,1.0,,,,5.0,,,,5.0,,1.0,-1.0,,,,,5.0,-1.0,,-3.0,-3.0,,5.0,,-1.0,-3.0,-5.0,,-1.0,,,3.0,-3.0,,,-3.0,5.0,-1.0,5.0,,3.0,-1.0,,5.0,1.0,,1.0,5.0,,0.96,3.090208367586568,50
667ed37f6c7376b1e1d7c0ef,1.0,1.0,,,-5.0,,,1.0,3.0,,,,1.0,3.0,5.0,1.0,-1.0,1.0,5.0,,,1.0,1.0,3.0,,,,1.0,-5.0,3.0,,,5.0,,5.0,1.0,,,-1.0,,1.0,,,,1.0,5.0,3.0,,3.0,,,,,3.0,,-1.0,-5.0,,,,,3.0,1.0,,,,5.0,,3.0,,,1.0,1.0,,3.0,3.0,,,3.0,,,-3.0,3.0,-1.0,,1.0,1.0,-1.0,,,3.0,,,3.0,3.0,-1.0,,,,1.0,1.44,2.467420366558184,50
666a329546289969883df980,1.0,3.0,,,,,3.0,,1.0,,,,3.0,,,3.0,1.0,3.0,3.0,,,,,,1.0,,3.0,3.0,1.0,1.0,3.0,3.0,3.0,3.0,3.0,,,3.0,1.0,1.0,1.0,,3.0,,1.0,3.0,3.0,-1.0,,,3.0,,,1.0,,,1.0,,,3.0,,1.0,3.0,3.0,,,,,1.0,,,3.0,1.0,3.0,3.0,,,,,,3.0,,,-1.0,,1.0,3.0,,,,3.0,3.0,3.0,,3.0,5.0,,,3.0,,2.24,1.2047524938461724,50
606be651a89a7baf6141e8b9,3.0,,5.0,-5.0,5.0,,,1.0,5.0,1.0,,,,5.0,,-3.0,-1.0,,,,-1.0,,,-1.0,5.0,-1.0,5.0,5.0,5.0,5.0,5.0,-1.0,5.0,5.0,,5.0,-1.0,,,,,5.0,,,,,5.0,1.0,,5.0,,,5.0,1.0,,,,5.0,,,-5.0,,5.0,1.0,,,,,5.0,,-5.0,-5.0,5.0,5.0,5.0,,,-1.0,,,5.0,1.0,,,5.0,5.0,5.0,,,,,,5.0,3.0,5.0,,,5.0,,,2.64,3.324368898216408,50
5f244e0d0d7f44018faa3938,,,1.0,,5.0,1.0,1.0,,-1.0,-1.0,-3.0,,,1.0,-1.0,,1.0,,,3.0,-1.0,,1.0,,,-1.0,1.0,,-1.0,,1.0,,-1.0,,,,1.0,-1.0,,,,-1.0,,-1.0,,,,,-1.0,,,1.0,,-1.0,-3.0,3.0,,,3.0,5.0,,,1.0,,1.0,,1.0,3.0,1.0,1.0,,,,,3.0,1.0,-1.0,1.0,-1.0,1.0,1.0,-3.0,3.0,,-1.0,,,3.0,-3.0,,,,,,,,5.0,1.0,,5.0,0.68,2.07452969836244,50
65108d02742b73e5f03efb63,,,,,,3.0,5.0,,5.0,-1.0,,5.0,1.0,3.0,,3.0,3.0,5.0,-1.0,-5.0,3.0,5.0,5.0,,1.0,3.0,,1.0,,-1.0,-1.0,,5.0,5.0,1.0,,,,-1.0,,1.0,5.0,3.0,,,1.0,,,,1.0,,,5.0,3.0,,5.0,5.0,5.0,,,1.0,,,,,,5.0,,5.0,,-5.0,,,,5.0,,-3.0,,,3.0,,1.0,,,,,3.0,,1.0,,,5.0,,1.0,,,3.0,3.0,5.0,5.0,2.48,2.674444439734071,50
6170c67b4478c864785f0925,3.0,,-1.0,-5.0,5.0,,,,5.0,-1.0,3.0,,3.0,,,,-1.0,5.0,,3.0,-1.0,,3.0,3.0,1.0,,5.0,5.0,,,-1.0,3.0,-3.0,,,-1.0,3.0,,,-1.0,5.0,,-1.0,-1.0,,,-3.0,3.0,-3.0,,,3.0,,,,,1.0,,,,,3.0,,,,,,,1.0,,-5.0,-1.0,1.0,3.0,,3.0,-1.0,,,3.0,3.0,1.0,5.0,1.0,,,,5.0,,,,5.0,,,1.0,3.0,5.0,5.0,,,1.6,2.8066975291983574,50
66d859d30bec55055f840c5f,,3.0,,,,1.0,,5.0,1.0,,-3.0,5.0,,,-1.0,3.0,,,3.0,5.0,,,,,,,3.0,,5.0,1.0,,,5.0,5.0,3.0,,,5.0,3.0,,,3.0,,,5.0,3.0,,3.0,,3.0,3.0,,1.0,,3.0,3.0,,,3.0,5.0,-1.0,,-1.0,5.0,1.0,5.0,5.0,5.0,5.0,5.0,,,,,5.0,,,1.0,5.0,,,,,,5.0,5.0,,,5.0,3.0,3.0,,3.0,1.0,1.0,,,,5.0,,3.16,2.013829735623554,50
